user_id,employee_name,department,tool,license_type,monthly_cost_inr,logins_last_30d,active_days_last_30d,last_login_date,assigned_date,truly_unused
u-00001,Employee 1,Engineering,Salesforce,Enterprise,28800.0,48,13,2026-05-20,2025-08-30,0
u-00002,Employee 2,HR,Jira,Premium,2400.0,0,0,,2024-04-14,1
u-00002,Employee 2,HR,Slack,Standard,700.0,70,17,2026-05-22,2026-02-21,0
u-00002,Employee 2,HR,Figma,Premium,2080.0,2,1,2026-05-12,2025-02-23,1
u-00003,Employee 3,Engineering,Slack,Standard,700.0,2,0,2026-03-26,2026-02-02,0
u-00003,Employee 3,Engineering,GitHub,Premium,2880.0,63,26,2026-05-20,2024-03-12,0
u-00003,Employee 3,Engineering,Jira,Standard,1500.0,60,10,2026-05-22,2024-11-14,0
u-00003,Employee 3,Engineering,Salesforce,Standard,12000.0,116,14,2026-05-19,2024-11-07,0
u-00004,Employee 4,Sales,Slack,Premium,1120.0,103,15,2026-05-20,2025-01-05,0
u-00005,Employee 5,Finance,Jira,Enterprise,3600.0,115,21,2026-05-19,2024-06-16,0
u-00005,Employee 5,Finance,GitHub,Enterprise,4320.0,46,22,2026-05-21,2025-11-04,0
u-00005,Employee 5,Finance,Figma,Standard,1300.0,111,11,2026-05-22,2026-02-14,0
u-00006,Employee 6,Sales,Jira,Standard,1500.0,1,0,2026-05-08,2023-12-30,1
u-00006,Employee 6,Sales,Notion,Standard,900.0,20,21,2026-05-20,2024-01-22,0
u-00007,Employee 7,Design,Jira,Enterprise,3600.0,40,11,2026-05-22,2025-03-18,0
u-00007,Employee 7,Design,HubSpot,Standard,4500.0,48,19,2026-05-21,2025-11-08,0
u-00008,Employee 8,HR,Salesforce,Standard,12000.0,1,0,2026-04-26,2025-05-10,1
u-00008,Employee 8,HR,Figma,Standard,1300.0,0,0,,2026-01-30,1
u-00009,Employee 9,Marketing,Figma,Standard,1300.0,2,0,2026-05-09,2024-05-15,1
u-00009,Employee 9,Marketing,Zoom,Premium,1920.0,111,27,2026-05-19,2025-10-27,0
u-00009,Employee 9,Marketing,HubSpot,Premium,7200.0,52,27,2026-05-22,2025-06-05,0
u-00010,Employee 10,Marketing,Jira,Premium,2400.0,1,1,2026-05-07,2024-04-13,1
u-00010,Employee 10,Marketing,Figma,Standard,1300.0,47,12,2026-05-21,2025-04-09,0
u-00010,Employee 10,Marketing,Zoom,Premium,1920.0,2,1,2026-05-03,2025-11-18,1
u-00011,Employee 11,Engineering,Slack,Enterprise,1680.0,64,24,2026-05-21,2023-12-08,0
u-00011,Employee 11,Engineering,Jira,Standard,1500.0,38,10,2026-05-20,2025-07-11,0
u-00012,Employee 12,Engineering,Notion,Standard,900.0,32,15,2026-05-19,2024-03-16,0
u-00012,Employee 12,Engineering,Figma,Premium,2080.0,32,19,2026-05-22,2024-12-22,0
u-00013,Employee 13,Operations,GitHub,Standard,1800.0,1,0,2026-05-08,2024-04-02,1
u-00013,Employee 13,Operations,Figma,Premium,2080.0,1,1,2026-04-23,2026-01-04,1
u-00014,Employee 14,Sales,HubSpot,Standard,4500.0,1,1,2026-04-18,2024-04-17,0
u-00014,Employee 14,Sales,GitHub,Standard,1800.0,43,20,2026-05-22,2025-07-02,0
u-00014,Employee 14,Sales,Salesforce,Standard,12000.0,68,23,2026-05-20,2025-08-04,0
u-00015,Employee 15,Design,Slack,Standard,700.0,46,11,2026-05-20,2024-11-28,0
u-00016,Employee 16,HR,Notion,Enterprise,2160.0,101,28,2026-05-21,2024-10-03,0
u-00016,Employee 16,HR,GitHub,Standard,1800.0,66,23,2026-05-21,2024-07-19,0
u-00017,Employee 17,Finance,Slack,Standard,700.0,0,1,,2025-06-16,0
u-00018,Employee 18,Sales,Jira,Standard,1500.0,2,0,2026-05-08,2024-08-13,1
u-00018,Employee 18,Sales,Figma,Standard,1300.0,1,1,2026-04-23,2024-03-08,1
u-00019,Employee 19,HR,Slack,Standard,700.0,119,28,2026-05-21,2024-05-03,0
u-00019,Employee 19,HR,Figma,Premium,2080.0,1,0,2026-05-06,2024-08-24,1
u-00020,Employee 20,Finance,Slack,Standard,700.0,37,29,2026-05-22,2024-01-09,0
u-00021,Employee 21,Design,GitHub,Standard,1800.0,3,0,2026-04-15,2024-08-04,0
u-00021,Employee 21,Design,Jira,Premium,2400.0,104,29,2026-05-22,2023-12-29,0
u-00022,Employee 22,Operations,Zoom,Premium,1920.0,0,1,,2024-01-08,0
u-00022,Employee 22,Operations,HubSpot,Premium,7200.0,21,15,2026-05-19,2024-11-07,0
u-00023,Employee 23,Operations,Jira,Standard,1500.0,1,1,2026-04-26,2025-12-18,1
u-00023,Employee 23,Operations,Notion,Standard,900.0,43,11,2026-05-19,2025-02-20,0
u-00024,Employee 24,HR,Slack,Standard,700.0,73,14,2026-05-19,2025-01-03,0
u-00025,Employee 25,Marketing,Jira,Premium,2400.0,113,19,2026-05-22,2024-05-01,0
u-00025,Employee 25,Marketing,Slack,Standard,700.0,51,28,2026-05-20,2024-07-06,0
u-00026,Employee 26,Legal,Figma,Standard,1300.0,105,22,2026-05-21,2024-08-10,0
u-00027,Employee 27,HR,Jira,Standard,1500.0,114,25,2026-05-19,2026-01-27,0
u-00028,Employee 28,Operations,Salesforce,Standard,12000.0,55,28,2026-05-19,2025-05-18,0
u-00028,Employee 28,Operations,Slack,Premium,1120.0,56,14,2026-05-19,2026-04-13,0
u-00028,Employee 28,Operations,HubSpot,Standard,4500.0,0,0,,2024-04-16,1
u-00028,Employee 28,Operations,Zoom,Standard,1200.0,116,12,2026-05-21,2024-08-30,0
u-00029,Employee 29,Design,GitHub,Standard,1800.0,26,21,2026-05-19,2025-01-01,0
u-00029,Employee 29,Design,Salesforce,Standard,12000.0,112,21,2026-05-21,2025-06-17,0
u-00030,Employee 30,Finance,Notion,Standard,900.0,91,29,2026-05-21,2024-08-05,0
u-00030,Employee 30,Finance,Slack,Standard,700.0,32,20,2026-05-20,2025-04-20,0
u-00031,Employee 31,Legal,Figma,Standard,1300.0,1,0,2026-05-08,2026-01-14,1
u-00031,Employee 31,Legal,Notion,Standard,900.0,59,15,2026-05-21,2024-06-30,0
u-00032,Employee 32,Legal,Zoom,Standard,1200.0,64,14,2026-05-21,2025-02-16,0
u-00032,Employee 32,Legal,HubSpot,Standard,4500.0,58,18,2026-05-22,2024-05-21,0
u-00032,Employee 32,Legal,Slack,Standard,700.0,37,15,2026-05-20,2026-03-03,0
u-00032,Employee 32,Legal,Notion,Standard,900.0,50,17,2026-05-21,2024-05-05,0
u-00033,Employee 33,HR,Figma,Standard,1300.0,64,14,2026-05-19,2026-04-01,0
u-00034,Employee 34,Design,Notion,Standard,900.0,67,26,2026-05-22,2023-12-23,0
u-00035,Employee 35,Finance,Zoom,Premium,1920.0,0,0,,2024-10-04,1
u-00035,Employee 35,Finance,GitHub,Enterprise,4320.0,29,27,2026-05-19,2025-10-15,0
u-00035,Employee 35,Finance,Jira,Standard,1500.0,48,18,2026-05-19,2024-11-29,0
u-00036,Employee 36,Engineering,Salesforce,Standard,12000.0,2,1,2026-05-08,2024-12-18,1
u-00036,Employee 36,Engineering,Figma,Enterprise,3120.0,3,0,2026-03-27,2025-11-13,0
u-00037,Employee 37,Engineering,Zoom,Premium,1920.0,107,18,2026-05-21,2025-05-25,0
u-00037,Employee 37,Engineering,Notion,Premium,1440.0,60,11,2026-05-22,2024-06-01,0
u-00037,Employee 37,Engineering,Slack,Standard,700.0,56,13,2026-05-20,2025-06-06,0
u-00038,Employee 38,Design,Slack,Standard,700.0,112,10,2026-05-19,2024-12-25,0
u-00038,Employee 38,Design,Jira,Standard,1500.0,26,12,2026-05-22,2025-12-31,0
u-00039,Employee 39,Design,HubSpot,Standard,4500.0,89,12,2026-05-19,2024-05-29,0
u-00039,Employee 39,Design,GitHub,Premium,2880.0,18,14,2026-05-20,2024-03-26,0
u-00040,Employee 40,HR,Salesforce,Enterprise,28800.0,6,2,2026-05-10,2024-07-10,1
u-00040,Employee 40,HR,Notion,Premium,1440.0,78,12,2026-05-20,2026-01-18,0
u-00040,Employee 40,HR,Figma,Enterprise,3120.0,0,0,,2025-10-11,1
u-00040,Employee 40,HR,HubSpot,Premium,7200.0,68,25,2026-05-20,2024-07-25,0
u-00041,Employee 41,HR,Notion,Standard,900.0,83,19,2026-05-22,2024-03-18,0
u-00041,Employee 41,HR,Salesforce,Premium,19200.0,106,22,2026-05-19,2025-05-26,0
u-00041,Employee 41,HR,Zoom,Standard,1200.0,3,1,2026-04-20,2025-10-30,0
u-00041,Employee 41,HR,Jira,Enterprise,3600.0,90,20,2026-05-20,2024-08-13,0
u-00042,Employee 42,Marketing,HubSpot,Enterprise,10800.0,112,24,2026-05-22,2026-01-14,0
u-00042,Employee 42,Marketing,Salesforce,Enterprise,28800.0,44,21,2026-05-19,2025-09-07,0
u-00042,Employee 42,Marketing,Notion,Standard,900.0,66,22,2026-05-22,2025-05-29,0
u-00043,Employee 43,HR,Zoom,Standard,1200.0,1,0,2026-05-02,2025-05-11,1
u-00043,Employee 43,HR,GitHub,Premium,2880.0,57,12,2026-05-21,2025-12-17,0
u-00044,Employee 44,Engineering,GitHub,Standard,1800.0,34,27,2026-05-22,2024-07-12,0
u-00044,Employee 44,Engineering,Figma,Standard,1300.0,88,18,2026-05-20,2026-01-31,0
u-00044,Employee 44,Engineering,Notion,Standard,900.0,107,24,2026-05-22,2025-12-21,0
u-00045,Employee 45,Finance,Zoom,Standard,1200.0,34,19,2026-05-20,2025-09-24,0
u-00045,Employee 45,Finance,HubSpot,Standard,4500.0,73,27,2026-05-22,2024-09-23,0
u-00046,Employee 46,Marketing,Salesforce,Standard,12000.0,61,10,2026-05-21,2026-01-13,0
u-00046,Employee 46,Marketing,GitHub,Premium,2880.0,103,26,2026-05-21,2024-11-19,0
u-00046,Employee 46,Marketing,Zoom,Enterprise,2880.0,2,1,2026-04-24,2025-09-25,0
u-00047,Employee 47,Legal,Salesforce,Premium,19200.0,107,16,2026-05-21,2024-08-11,0
u-00048,Employee 48,Engineering,Notion,Standard,900.0,69,25,2026-05-22,2026-04-19,0
u-00048,Employee 48,Engineering,Figma,Enterprise,3120.0,17,20,2026-05-21,2024-01-07,0
u-00048,Employee 48,Engineering,Zoom,Premium,1920.0,107,25,2026-05-20,2024-07-30,0
u-00048,Employee 48,Engineering,Slack,Premium,1120.0,1,1,2026-04-25,2025-02-03,0
u-00049,Employee 49,Sales,Jira,Premium,2400.0,1,0,2026-05-06,2025-08-15,1
u-00049,Employee 49,Sales,GitHub,Standard,1800.0,107,10,2026-05-21,2024-02-07,0
u-00050,Employee 50,Engineering,Slack,Standard,700.0,106,23,2026-05-21,2024-09-28,0
u-00050,Employee 50,Engineering,Notion,Standard,900.0,96,15,2026-05-19,2025-09-26,0
u-00051,Employee 51,Legal,Slack,Standard,700.0,22,28,2026-05-19,2024-03-12,0
u-00052,Employee 52,Marketing,Zoom,Standard,1200.0,111,16,2026-05-19,2024-11-04,0
u-00053,Employee 53,Legal,Zoom,Enterprise,2880.0,18,13,2026-05-20,2025-04-06,0
u-00053,Employee 53,Legal,HubSpot,Enterprise,10800.0,40,29,2026-05-21,2023-12-27,0
u-00054,Employee 54,Design,Jira,Standard,1500.0,43,16,2026-05-19,2024-12-09,0
u-00054,Employee 54,Design,GitHub,Standard,1800.0,75,22,2026-05-20,2024-02-02,0
u-00054,Employee 54,Design,Notion,Premium,1440.0,96,26,2026-05-19,2026-03-12,0
u-00055,Employee 55,Finance,GitHub,Premium,2880.0,2,0,2026-04-30,2026-01-25,1
u-00055,Employee 55,Finance,Jira,Premium,2400.0,39,17,2026-05-20,2025-06-23,0
u-00055,Employee 55,Finance,Notion,Standard,900.0,18,13,2026-05-20,2024-12-21,0
u-00056,Employee 56,Operations,HubSpot,Premium,7200.0,0,1,,2025-07-20,0
u-00056,Employee 56,Operations,GitHub,Standard,1800.0,71,24,2026-05-19,2025-01-23,0
u-00057,Employee 57,Legal,Slack,Standard,700.0,0,0,,2024-10-27,0
u-00057,Employee 57,Legal,HubSpot,Premium,7200.0,7,2,2026-05-18,2024-07-04,1
u-00057,Employee 57,Legal,Figma,Standard,1300.0,0,0,,2024-08-15,1
u-00058,Employee 58,Engineering,Notion,Standard,900.0,83,28,2026-05-20,2024-12-28,0
u-00059,Employee 59,Sales,Jira,Premium,2400.0,6,4,2026-05-17,2025-06-19,1
u-00059,Employee 59,Sales,GitHub,Standard,1800.0,31,27,2026-05-20,2023-12-29,0
u-00060,Employee 60,Finance,Salesforce,Standard,12000.0,94,11,2026-05-19,2025-08-17,0
u-00060,Employee 60,Finance,HubSpot,Standard,4500.0,46,15,2026-05-19,2024-09-12,0
u-00060,Employee 60,Finance,Notion,Standard,900.0,0,0,,2026-04-20,1
u-00061,Employee 61,Sales,Jira,Standard,1500.0,113,21,2026-05-21,2024-11-29,0
u-00061,Employee 61,Sales,Salesforce,Standard,12000.0,21,18,2026-05-19,2024-06-27,0
u-00061,Employee 61,Sales,Figma,Premium,2080.0,28,17,2026-05-19,2024-01-15,0
u-00061,Employee 61,Sales,Zoom,Premium,1920.0,34,19,2026-05-22,2025-05-01,0
u-00062,Employee 62,Engineering,Jira,Standard,1500.0,45,12,2026-05-21,2025-03-14,0
u-00063,Employee 63,HR,HubSpot,Premium,7200.0,0,0,,2025-06-20,1
u-00064,Employee 64,Finance,Zoom,Premium,1920.0,0,0,,2025-03-19,1
u-00065,Employee 65,Legal,Jira,Standard,1500.0,1,0,2026-05-07,2024-11-24,1
u-00065,Employee 65,Legal,Figma,Standard,1300.0,2,0,2026-05-02,2024-07-26,1
u-00066,Employee 66,Legal,Figma,Standard,1300.0,1,1,2026-05-07,2024-08-14,1
u-00066,Employee 66,Legal,Slack,Standard,700.0,2,0,2026-05-05,2026-02-22,1
u-00067,Employee 67,Engineering,Slack,Enterprise,1680.0,104,18,2026-05-22,2024-01-08,0
u-00068,Employee 68,Design,Notion,Standard,900.0,29,15,2026-05-21,2024-10-08,0
u-00069,Employee 69,Design,Figma,Premium,2080.0,46,10,2026-05-22,2025-09-20,0
u-00069,Employee 69,Design,Jira,Standard,1500.0,2,0,2026-04-25,2025-11-10,1
u-00070,Employee 70,Sales,Slack,Standard,700.0,103,21,2026-05-19,2024-12-20,0
u-00071,Employee 71,Sales,Figma,Premium,2080.0,102,20,2026-05-21,2025-11-09,0
u-00071,Employee 71,Sales,Notion,Standard,900.0,1,0,2026-05-10,2025-01-12,1
u-00071,Employee 71,Sales,Zoom,Premium,1920.0,37,17,2026-05-22,2025-06-20,0
u-00071,Employee 71,Sales,Salesforce,Standard,12000.0,40,22,2026-05-21,2024-01-01,0
u-00072,Employee 72,Finance,Jira,Premium,2400.0,74,15,2026-05-20,2026-02-21,0
u-00072,Employee 72,Finance,Slack,Standard,700.0,62,15,2026-05-19,2026-02-01,0
u-00073,Employee 73,Legal,Zoom,Standard,1200.0,27,17,2026-05-20,2026-01-18,0
u-00073,Employee 73,Legal,Jira,Premium,2400.0,0,0,,2024-01-12,1
u-00074,Employee 74,Marketing,GitHub,Premium,2880.0,99,13,2026-05-21,2024-03-23,0
u-00075,Employee 75,Legal,Jira,Standard,1500.0,0,0,,2025-09-04,1
u-00075,Employee 75,Legal,Figma,Premium,2080.0,97,22,2026-05-21,2025-12-18,0
u-00076,Employee 76,Engineering,HubSpot,Premium,7200.0,2,0,2026-04-13,2024-01-24,0
u-00076,Employee 76,Engineering,Figma,Standard,1300.0,25,18,2026-05-20,2025-06-24,0
u-00076,Employee 76,Engineering,GitHub,Standard,1800.0,62,21,2026-05-21,2026-03-23,0
u-00076,Employee 76,Engineering,Salesforce,Standard,12000.0,2,1,2026-04-25,2025-03-02,1
u-00077,Employee 77,Sales,Salesforce,Standard,12000.0,39,11,2026-05-19,2024-09-04,0
u-00077,Employee 77,Sales,HubSpot,Standard,4500.0,55,17,2026-05-21,2025-06-18,0
u-00078,Employee 78,Finance,Zoom,Standard,1200.0,119,14,2026-05-22,2024-05-11,0
u-00078,Employee 78,Finance,Jira,Premium,2400.0,28,25,2026-05-19,2024-07-15,0
u-00079,Employee 79,Legal,HubSpot,Standard,4500.0,1,1,2026-03-27,2025-11-27,0
u-00079,Employee 79,Legal,Slack,Premium,1120.0,88,28,2026-05-19,2025-05-02,0
u-00080,Employee 80,Design,Salesforce,Standard,12000.0,74,27,2026-05-20,2024-11-15,0
u-00080,Employee 80,Design,Slack,Standard,700.0,1,0,2026-05-04,2024-07-29,1
u-00081,Employee 81,Design,Salesforce,Premium,19200.0,61,28,2026-05-21,2024-04-25,0
u-00082,Employee 82,Design,GitHub,Standard,1800.0,94,25,2026-05-20,2024-06-17,0
u-00082,Employee 82,Design,Figma,Enterprise,3120.0,85,25,2026-05-22,2024-04-06,0
u-00083,Employee 83,Legal,GitHub,Premium,2880.0,92,28,2026-05-22,2025-09-03,0
u-00083,Employee 83,Legal,Jira,Standard,1500.0,81,22,2026-05-21,2023-12-31,0
u-00083,Employee 83,Legal,Notion,Standard,900.0,65,25,2026-05-20,2024-10-25,0
u-00084,Employee 84,Legal,Zoom,Standard,1200.0,103,14,2026-05-20,2023-12-29,0
u-00085,Employee 85,Finance,GitHub,Standard,1800.0,1,0,2026-04-28,2024-06-07,1
u-00085,Employee 85,Finance,Slack,Standard,700.0,58,10,2026-05-19,2025-06-07,0
u-00086,Employee 86,Sales,Salesforce,Standard,12000.0,57,26,2026-05-20,2024-06-26,0
u-00086,Employee 86,Sales,Notion,Standard,900.0,77,17,2026-05-21,2025-08-25,0
u-00087,Employee 87,Operations,Salesforce,Premium,19200.0,5,4,2026-05-09,2026-01-21,1
u-00088,Employee 88,Sales,HubSpot,Standard,4500.0,0,0,,2025-12-14,1
u-00089,Employee 89,Marketing,Salesforce,Standard,12000.0,117,17,2026-05-19,2025-02-22,0
u-00089,Employee 89,Marketing,GitHub,Standard,1800.0,2,0,2026-04-26,2026-04-20,1
u-00090,Employee 90,Engineering,Zoom,Standard,1200.0,26,16,2026-05-22,2024-07-03,0
u-00090,Employee 90,Engineering,Salesforce,Standard,12000.0,72,13,2026-05-19,2024-04-23,0
u-00091,Employee 91,Engineering,Jira,Premium,2400.0,3,0,2026-04-18,2024-03-13,0
u-00091,Employee 91,Engineering,HubSpot,Standard,4500.0,0,0,,2026-01-26,1
u-00091,Employee 91,Engineering,Salesforce,Standard,12000.0,2,1,2026-05-07,2024-06-01,1
u-00092,Employee 92,Finance,Salesforce,Standard,12000.0,2,1,2026-05-03,2024-08-29,1
u-00092,Employee 92,Finance,GitHub,Standard,1800.0,76,17,2026-05-19,2025-12-21,0
u-00093,Employee 93,Engineering,Figma,Standard,1300.0,5,4,2026-05-19,2024-01-20,1
u-00093,Employee 93,Engineering,Notion,Standard,900.0,2,1,2026-05-07,2025-10-10,1
u-00093,Employee 93,Engineering,GitHub,Standard,1800.0,68,26,2026-05-21,2025-04-09,0
u-00094,Employee 94,Operations,GitHub,Enterprise,4320.0,35,10,2026-05-21,2024-01-14,0
u-00094,Employee 94,Operations,Slack,Premium,1120.0,34,23,2026-05-20,2025-01-23,0
u-00094,Employee 94,Operations,Notion,Standard,900.0,2,0,2026-05-10,2024-08-17,1
u-00094,Employee 94,Operations,Zoom,Premium,1920.0,97,14,2026-05-22,2025-12-25,0
u-00095,Employee 95,Finance,GitHub,Standard,1800.0,1,0,2026-04-29,2025-11-11,1
u-00095,Employee 95,Finance,Jira,Enterprise,3600.0,21,21,2026-05-20,2026-03-16,0
u-00095,Employee 95,Finance,Slack,Premium,1120.0,88,20,2026-05-21,2026-02-04,0
u-00096,Employee 96,HR,HubSpot,Standard,4500.0,27,15,2026-05-20,2024-03-04,0
u-00096,Employee 96,HR,Zoom,Standard,1200.0,36,23,2026-05-21,2024-05-13,0
u-00097,Employee 97,Engineering,Salesforce,Premium,19200.0,0,0,,2025-06-06,1
u-00097,Employee 97,Engineering,Jira,Standard,1500.0,58,20,2026-05-22,2026-01-24,0
u-00097,Employee 97,Engineering,GitHub,Standard,1800.0,37,28,2026-05-21,2024-09-26,0
u-00098,Employee 98,Engineering,Slack,Standard,700.0,89,23,2026-05-20,2024-06-23,0
u-00098,Employee 98,Engineering,GitHub,Premium,2880.0,61,26,2026-05-20,2024-09-19,0
u-00099,Employee 99,Finance,GitHub,Premium,2880.0,2,1,2026-04-27,2024-11-10,1
u-00099,Employee 99,Finance,Slack,Standard,700.0,23,19,2026-05-20,2024-03-31,0
u-00099,Employee 99,Finance,Zoom,Standard,1200.0,72,13,2026-05-20,2025-09-03,0
u-00099,Employee 99,Finance,Salesforce,Standard,12000.0,64,17,2026-05-22,2025-05-25,0
u-00100,Employee 100,Finance,Notion,Standard,900.0,19,21,2026-05-21,2025-07-14,0
u-00100,Employee 100,Finance,Zoom,Premium,1920.0,94,28,2026-05-20,2025-06-06,0
u-00100,Employee 100,Finance,Slack,Standard,700.0,28,28,2026-05-20,2024-05-26,0
u-00101,Employee 101,Legal,GitHub,Premium,2880.0,53,20,2026-05-20,2024-08-22,0
u-00102,Employee 102,Sales,GitHub,Premium,2880.0,72,28,2026-05-22,2024-06-13,0
u-00103,Employee 103,Engineering,Zoom,Standard,1200.0,36,20,2026-05-20,2024-12-30,0
u-00104,Employee 104,HR,Slack,Enterprise,1680.0,35,11,2026-05-22,2025-06-05,0
u-00105,Employee 105,Engineering,Zoom,Standard,1200.0,67,22,2026-05-21,2024-11-26,0
u-00106,Employee 106,HR,GitHub,Standard,1800.0,1,1,2026-04-21,2024-10-24,0
u-00107,Employee 107,Finance,Notion,Standard,900.0,16,24,2026-05-20,2024-10-11,0
u-00107,Employee 107,Finance,Slack,Enterprise,1680.0,26,19,2026-05-22,2025-01-01,0
u-00108,Employee 108,HR,HubSpot,Enterprise,10800.0,2,0,2026-05-03,2025-09-18,1
u-00109,Employee 109,HR,Salesforce,Premium,19200.0,52,19,2026-05-22,2024-05-16,0
u-00109,Employee 109,HR,HubSpot,Standard,4500.0,0,0,,2024-02-28,1
u-00110,Employee 110,Design,GitHub,Premium,2880.0,57,14,2026-05-21,2025-01-07,0
u-00111,Employee 111,Sales,Salesforce,Enterprise,28800.0,104,21,2026-05-20,2025-11-22,0
u-00111,Employee 111,Sales,Zoom,Premium,1920.0,111,21,2026-05-21,2025-12-19,0
u-00112,Employee 112,Marketing,GitHub,Standard,1800.0,1,0,2026-04-24,2024-12-24,1
u-00112,Employee 112,Marketing,Slack,Standard,700.0,6,2,2026-05-13,2025-06-23,1
u-00112,Employee 112,Marketing,Notion,Standard,900.0,82,17,2026-05-22,2024-08-07,0
u-00113,Employee 113,Legal,Figma,Premium,2080.0,81,23,2026-05-20,2025-02-13,0
u-00114,Employee 114,Sales,Slack,Standard,700.0,112,23,2026-05-21,2025-05-20,0
u-00114,Employee 114,Sales,Salesforce,Standard,12000.0,3,1,2026-05-02,2024-10-25,0
u-00115,Employee 115,Marketing,Salesforce,Standard,12000.0,75,12,2026-05-20,2025-04-24,0
u-00115,Employee 115,Marketing,Figma,Standard,1300.0,1,0,2026-04-26,2026-02-28,1
u-00115,Employee 115,Marketing,Zoom,Standard,1200.0,34,15,2026-05-20,2024-11-08,0
u-00116,Employee 116,Marketing,Figma,Premium,2080.0,114,13,2026-05-22,2024-09-30,0
u-00116,Employee 116,Marketing,Slack,Standard,700.0,1,0,2026-03-27,2024-03-27,0
u-00117,Employee 117,Sales,GitHub,Enterprise,4320.0,112,25,2026-05-22,2024-04-02,0
u-00118,Employee 118,Operations,Salesforce,Premium,19200.0,54,10,2026-05-19,2025-02-01,0
u-00118,Employee 118,Operations,Zoom,Standard,1200.0,26,23,2026-05-20,2024-08-06,0
u-00118,Employee 118,Operations,Slack,Premium,1120.0,0,0,,2025-12-04,1
u-00118,Employee 118,Operations,Notion,Enterprise,2160.0,67,28,2026-05-20,2024-09-30,0
u-00119,Employee 119,Engineering,Notion,Standard,900.0,79,23,2026-05-19,2025-04-12,0
u-00119,Employee 119,Engineering,Figma,Premium,2080.0,31,29,2026-05-20,2025-05-14,0
u-00120,Employee 120,Design,Zoom,Enterprise,2880.0,71,14,2026-05-22,2025-01-08,0
u-00120,Employee 120,Design,Slack,Premium,1120.0,0,1,,2025-12-19,0
u-00121,Employee 121,Marketing,Zoom,Premium,1920.0,1,1,2026-05-08,2024-05-16,1
u-00121,Employee 121,Marketing,Jira,Premium,2400.0,45,17,2026-05-22,2024-09-29,0
u-00121,Employee 121,Marketing,Salesforce,Standard,12000.0,29,11,2026-05-21,2025-07-16,0
u-00122,Employee 122,Marketing,Notion,Standard,900.0,69,20,2026-05-22,2025-09-03,0
u-00122,Employee 122,Marketing,Figma,Standard,1300.0,0,0,,2026-04-20,1
u-00123,Employee 123,Design,Jira,Standard,1500.0,23,24,2026-05-22,2025-08-17,0
u-00123,Employee 123,Design,Zoom,Standard,1200.0,2,1,2026-05-05,2025-04-12,1
u-00123,Employee 123,Design,Slack,Standard,700.0,48,13,2026-05-22,2024-11-24,0
u-00124,Employee 124,Engineering,Figma,Premium,2080.0,78,13,2026-05-19,2025-09-21,0
u-00124,Employee 124,Engineering,HubSpot,Standard,4500.0,1,0,2026-04-29,2025-05-13,1
u-00125,Employee 125,Sales,HubSpot,Standard,4500.0,2,0,2026-04-20,2026-02-08,0
u-00125,Employee 125,Sales,Slack,Standard,700.0,46,24,2026-05-21,2026-02-15,0
u-00125,Employee 125,Sales,Figma,Standard,1300.0,100,25,2026-05-19,2024-03-08,0
u-00125,Employee 125,Sales,Jira,Enterprise,3600.0,3,1,2026-03-24,2025-02-24,0
u-00126,Employee 126,Operations,GitHub,Premium,2880.0,111,21,2026-05-19,2025-06-03,0
u-00126,Employee 126,Operations,Figma,Standard,1300.0,17,26,2026-05-19,2024-10-08,0
u-00126,Employee 126,Operations,Slack,Premium,1120.0,76,24,2026-05-19,2024-06-30,0
u-00127,Employee 127,Finance,Salesforce,Premium,19200.0,0,0,,2025-01-01,1
u-00127,Employee 127,Finance,Notion,Premium,1440.0,72,29,2026-05-20,2026-03-09,0
u-00128,Employee 128,Finance,Figma,Standard,1300.0,104,12,2026-05-19,2024-06-09,0
u-00128,Employee 128,Finance,Zoom,Premium,1920.0,0,0,,2024-04-22,1
u-00129,Employee 129,HR,Slack,Premium,1120.0,3,1,2026-04-16,2025-08-07,0
u-00129,Employee 129,HR,Figma,Premium,2080.0,3,1,2026-04-26,2026-04-03,0
u-00130,Employee 130,HR,Notion,Standard,900.0,105,17,2026-05-22,2026-03-12,0
u-00131,Employee 131,Design,Notion,Standard,900.0,60,28,2026-05-19,2024-03-04,0
u-00131,Employee 131,Design,Salesforce,Standard,12000.0,30,10,2026-05-20,2024-06-27,0
u-00132,Employee 132,Engineering,GitHub,Enterprise,4320.0,2,0,2026-03-29,2024-12-06,0
u-00132,Employee 132,Engineering,Slack,Premium,1120.0,73,28,2026-05-20,2026-03-03,0
u-00133,Employee 133,HR,Salesforce,Premium,19200.0,25,22,2026-05-20,2024-07-17,0
u-00133,Employee 133,HR,HubSpot,Premium,7200.0,0,0,,2024-02-21,1
u-00134,Employee 134,Design,Notion,Premium,1440.0,53,10,2026-05-21,2024-04-01,0
u-00134,Employee 134,Design,HubSpot,Standard,4500.0,55,25,2026-05-22,2024-07-12,0
u-00134,Employee 134,Design,Zoom,Standard,1200.0,55,20,2026-05-20,2024-09-07,0
u-00135,Employee 135,Design,Slack,Premium,1120.0,39,10,2026-05-19,2025-04-30,0
u-00135,Employee 135,Design,Jira,Premium,2400.0,76,29,2026-05-19,2025-08-01,0
u-00136,Employee 136,Finance,GitHub,Standard,1800.0,85,11,2026-05-20,2024-02-04,0
u-00136,Employee 136,Finance,Salesforce,Standard,12000.0,22,26,2026-05-21,2025-02-08,0
u-00137,Employee 137,Design,Salesforce,Enterprise,28800.0,35,18,2026-05-21,2024-05-11,0
u-00137,Employee 137,Design,GitHub,Standard,1800.0,82,13,2026-05-22,2026-01-10,0
u-00138,Employee 138,Finance,Notion,Premium,1440.0,58,25,2026-05-21,2025-05-17,0
u-00138,Employee 138,Finance,Jira,Standard,1500.0,2,0,2026-03-24,2024-07-12,0
u-00139,Employee 139,Engineering,Notion,Premium,1440.0,2,0,2026-04-13,2026-03-20,0
u-00140,Employee 140,Operations,Slack,Standard,700.0,89,20,2026-05-21,2025-05-31,0
u-00141,Employee 141,HR,GitHub,Standard,1800.0,55,14,2026-05-19,2026-03-25,0
u-00142,Employee 142,Design,Notion,Standard,900.0,47,21,2026-05-19,2025-04-23,0
u-00142,Employee 142,Design,Jira,Premium,2400.0,16,13,2026-05-21,2024-08-22,0
u-00142,Employee 142,Design,HubSpot,Premium,7200.0,5,4,2026-05-11,2024-04-19,1
u-00143,Employee 143,HR,Zoom,Standard,1200.0,83,24,2026-05-21,2023-12-23,0
u-00143,Employee 143,HR,Slack,Standard,700.0,0,1,,2024-11-17,0
u-00144,Employee 144,Design,Figma,Standard,1300.0,63,14,2026-05-19,2025-01-18,0
u-00144,Employee 144,Design,Notion,Standard,900.0,95,18,2026-05-21,2024-01-25,0
u-00145,Employee 145,Marketing,GitHub,Enterprise,4320.0,0,0,,2023-12-28,1
u-00145,Employee 145,Marketing,Jira,Enterprise,3600.0,2,0,2026-05-11,2025-08-28,1
u-00145,Employee 145,Marketing,HubSpot,Standard,4500.0,2,1,2026-05-08,2024-05-27,1
u-00146,Employee 146,Sales,GitHub,Premium,2880.0,82,16,2026-05-22,2026-01-31,0
u-00146,Employee 146,Sales,Zoom,Standard,1200.0,32,11,2026-05-19,2024-11-16,0
u-00147,Employee 147,Finance,Figma,Standard,1300.0,0,0,,2025-03-04,1
u-00147,Employee 147,Finance,HubSpot,Standard,4500.0,61,24,2026-05-20,2026-02-14,0
u-00148,Employee 148,Operations,HubSpot,Premium,7200.0,0,0,,2025-08-15,0
u-00148,Employee 148,Operations,Jira,Standard,1500.0,1,1,2026-05-03,2024-06-04,1
u-00149,Employee 149,Legal,Jira,Enterprise,3600.0,1,0,2026-03-31,2025-01-26,0
u-00150,Employee 150,Legal,Zoom,Standard,1200.0,7,2,2026-05-13,2026-03-18,1
u-00150,Employee 150,Legal,Notion,Enterprise,2160.0,1,0,2026-04-30,2026-01-27,1
u-00151,Employee 151,Engineering,GitHub,Enterprise,4320.0,17,17,2026-05-22,2025-01-26,0
u-00151,Employee 151,Engineering,HubSpot,Enterprise,10800.0,95,29,2026-05-19,2024-08-21,0
u-00152,Employee 152,Operations,Slack,Enterprise,1680.0,22,26,2026-05-19,2025-07-13,0
u-00152,Employee 152,Operations,Figma,Standard,1300.0,94,23,2026-05-21,2024-11-09,0
u-00153,Employee 153,Finance,GitHub,Standard,1800.0,4,2,2026-05-17,2025-09-20,1
u-00154,Employee 154,Finance,Jira,Standard,1500.0,0,0,,2025-03-22,1
u-00154,Employee 154,Finance,Slack,Standard,700.0,30,18,2026-05-19,2025-07-22,0
u-00154,Employee 154,Finance,Salesforce,Premium,19200.0,5,2,2026-05-15,2024-04-17,1
u-00155,Employee 155,Sales,Jira,Standard,1500.0,98,23,2026-05-19,2024-01-26,0
u-00156,Employee 156,Legal,Slack,Enterprise,1680.0,83,10,2026-05-19,2025-04-22,0
u-00156,Employee 156,Legal,Jira,Enterprise,3600.0,92,23,2026-05-20,2025-11-09,0
u-00157,Employee 157,Design,Jira,Standard,1500.0,40,19,2026-05-20,2026-03-30,0
u-00157,Employee 157,Design,Notion,Premium,1440.0,78,18,2026-05-21,2026-03-02,0
u-00157,Employee 157,Design,Figma,Enterprise,3120.0,2,0,2026-04-25,2025-08-11,0
u-00158,Employee 158,Design,HubSpot,Premium,7200.0,98,15,2026-05-20,2025-12-30,0
u-00158,Employee 158,Design,Jira,Premium,2400.0,1,0,2026-05-04,2024-09-26,1
u-00158,Employee 158,Design,Slack,Premium,1120.0,79,27,2026-05-22,2025-07-07,0
u-00159,Employee 159,Marketing,Salesforce,Standard,12000.0,90,28,2026-05-20,2025-01-22,0
u-00159,Employee 159,Marketing,Figma,Premium,2080.0,89,13,2026-05-19,2025-07-14,0
u-00160,Employee 160,Engineering,Figma,Standard,1300.0,18,24,2026-05-22,2024-04-27,0
u-00160,Employee 160,Engineering,Slack,Standard,700.0,74,27,2026-05-19,2024-07-23,0
u-00161,Employee 161,Marketing,HubSpot,Premium,7200.0,101,11,2026-05-20,2025-07-28,0
u-00161,Employee 161,Marketing,Salesforce,Standard,12000.0,49,17,2026-05-20,2024-12-04,0
u-00161,Employee 161,Marketing,GitHub,Standard,1800.0,2,0,2026-04-23,2024-08-06,1
u-00162,Employee 162,Finance,Slack,Standard,700.0,78,25,2026-05-22,2024-09-14,0
u-00163,Employee 163,Legal,Zoom,Standard,1200.0,101,12,2026-05-22,2025-05-04,0
u-00163,Employee 163,Legal,Figma,Premium,2080.0,17,21,2026-05-21,2024-11-19,0
u-00164,Employee 164,Legal,Notion,Standard,900.0,114,19,2026-05-21,2024-08-28,0
u-00164,Employee 164,Legal,Figma,Enterprise,3120.0,0,0,,2024-01-24,1
u-00164,Employee 164,Legal,Jira,Premium,2400.0,1,1,2026-05-04,2025-03-06,1
u-00165,Employee 165,Design,HubSpot,Premium,7200.0,2,1,2026-05-04,2024-06-04,1
u-00166,Employee 166,Marketing,HubSpot,Standard,4500.0,1,1,2026-05-03,2025-02-26,1
u-00166,Employee 166,Marketing,Jira,Premium,2400.0,2,1,2026-05-11,2025-07-19,1
u-00167,Employee 167,HR,Jira,Standard,1500.0,50,12,2026-05-22,2023-12-30,0
u-00167,Employee 167,HR,Figma,Premium,2080.0,91,27,2026-05-21,2025-10-27,0
u-00168,Employee 168,HR,HubSpot,Enterprise,10800.0,71,13,2026-05-20,2024-06-19,0
u-00169,Employee 169,Finance,GitHub,Premium,2880.0,37,13,2026-05-19,2025-08-13,0
u-00169,Employee 169,Finance,Jira,Premium,2400.0,3,4,2026-05-13,2025-08-06,1
u-00170,Employee 170,Engineering,GitHub,Enterprise,4320.0,109,29,2026-05-20,2024-08-27,0
u-00170,Employee 170,Engineering,Slack,Standard,700.0,112,19,2026-05-20,2025-05-22,0
u-00170,Employee 170,Engineering,Zoom,Enterprise,2880.0,70,26,2026-05-22,2024-04-16,0
u-00171,Employee 171,Operations,Notion,Premium,1440.0,109,22,2026-05-19,2026-02-20,0
u-00171,Employee 171,Operations,GitHub,Standard,1800.0,7,3,2026-05-17,2025-02-18,1
u-00172,Employee 172,Engineering,Zoom,Enterprise,2880.0,94,12,2026-05-22,2025-07-17,0
u-00172,Employee 172,Engineering,Slack,Standard,700.0,21,14,2026-05-22,2025-04-29,0
u-00173,Employee 173,Finance,Figma,Standard,1300.0,1,0,2026-03-26,2024-12-29,0
u-00173,Employee 173,Finance,Notion,Enterprise,2160.0,118,24,2026-05-21,2026-04-06,0
u-00173,Employee 173,Finance,Slack,Standard,700.0,40,26,2026-05-20,2025-08-01,0
u-00174,Employee 174,Finance,Slack,Standard,700.0,2,0,2026-05-12,2024-07-25,1
u-00174,Employee 174,Finance,Jira,Standard,1500.0,2,1,2026-05-11,2025-10-12,1
u-00175,Employee 175,Design,Notion,Premium,1440.0,59,20,2026-05-19,2025-06-25,0
u-00176,Employee 176,Legal,Figma,Standard,1300.0,46,19,2026-05-22,2024-05-12,0
u-00176,Employee 176,Legal,Salesforce,Enterprise,28800.0,111,19,2026-05-19,2024-03-23,0
u-00177,Employee 177,Finance,Figma,Standard,1300.0,66,12,2026-05-21,2024-10-01,0
u-00177,Employee 177,Finance,Jira,Standard,1500.0,41,16,2026-05-19,2026-04-21,0
u-00177,Employee 177,Finance,GitHub,Standard,1800.0,82,22,2026-05-22,2025-11-22,0
u-00177,Employee 177,Finance,Salesforce,Premium,19200.0,1,0,2026-04-27,2024-02-04,1
u-00178,Employee 178,Design,HubSpot,Standard,4500.0,0,0,,2024-07-28,1
u-00179,Employee 179,Sales,Notion,Enterprise,2160.0,74,24,2026-05-20,2024-02-14,0
u-00179,Employee 179,Sales,Zoom,Premium,1920.0,41,20,2026-05-22,2026-01-10,0
u-00179,Employee 179,Sales,Jira,Standard,1500.0,115,15,2026-05-19,2024-12-22,0
u-00180,Employee 180,Design,Jira,Standard,1500.0,83,25,2026-05-22,2024-11-16,0
u-00180,Employee 180,Design,HubSpot,Standard,4500.0,1,1,2026-05-07,2025-07-10,1
u-00181,Employee 181,Finance,GitHub,Standard,1800.0,2,0,2026-05-11,2025-04-23,1
u-00181,Employee 181,Finance,Jira,Enterprise,3600.0,61,29,2026-05-21,2025-08-29,0
u-00181,Employee 181,Finance,Figma,Premium,2080.0,110,10,2026-05-19,2025-02-07,0
u-00182,Employee 182,Sales,Figma,Standard,1300.0,1,1,2026-05-05,2024-04-02,1
u-00182,Employee 182,Sales,Zoom,Standard,1200.0,3,0,2026-05-02,2025-12-27,0
u-00182,Employee 182,Sales,Notion,Standard,900.0,61,16,2026-05-20,2025-06-03,0
u-00182,Employee 182,Sales,Jira,Standard,1500.0,84,26,2026-05-19,2024-10-16,0
u-00183,Employee 183,Marketing,HubSpot,Standard,4500.0,3,2,2026-05-12,2024-02-28,1
u-00184,Employee 184,Marketing,Salesforce,Enterprise,28800.0,1,1,2026-03-31,2025-10-01,0
u-00185,Employee 185,Design,Salesforce,Standard,12000.0,2,0,2026-05-01,2024-03-05,1
u-00185,Employee 185,Design,HubSpot,Enterprise,10800.0,2,1,2026-05-12,2024-05-24,1
u-00186,Employee 186,Design,Zoom,Standard,1200.0,30,21,2026-05-20,2025-09-01,0
u-00186,Employee 186,Design,Figma,Standard,1300.0,1,0,2026-05-12,2024-12-19,1
u-00186,Employee 186,Design,Jira,Standard,1500.0,3,0,2026-04-15,2025-12-30,0
u-00186,Employee 186,Design,Slack,Standard,700.0,57,16,2026-05-22,2025-03-27,0
u-00187,Employee 187,Sales,GitHub,Standard,1800.0,33,24,2026-05-20,2025-06-13,0
u-00187,Employee 187,Sales,Jira,Premium,2400.0,54,21,2026-05-21,2024-12-20,0
u-00187,Employee 187,Sales,Zoom,Standard,1200.0,42,23,2026-05-20,2024-05-23,0
u-00188,Employee 188,Finance,HubSpot,Enterprise,10800.0,2,0,2026-05-06,2024-05-14,1
u-00189,Employee 189,Operations,Notion,Standard,900.0,86,28,2026-05-19,2025-03-30,0
u-00190,Employee 190,Design,GitHub,Enterprise,4320.0,106,16,2026-05-19,2024-01-31,0
u-00191,Employee 191,Design,GitHub,Standard,1800.0,0,0,,2024-03-14,1
u-00192,Employee 192,Engineering,HubSpot,Premium,7200.0,115,14,2026-05-19,2025-05-28,0
u-00192,Employee 192,Engineering,Salesforce,Standard,12000.0,99,10,2026-05-19,2025-12-13,0
u-00193,Employee 193,Sales,Notion,Standard,900.0,32,22,2026-05-22,2024-11-06,0
u-00193,Employee 193,Sales,Slack,Standard,700.0,25,29,2026-05-22,2024-08-04,0
u-00193,Employee 193,Sales,HubSpot,Enterprise,10800.0,52,25,2026-05-21,2025-07-31,0
u-00194,Employee 194,Engineering,Salesforce,Premium,19200.0,85,11,2026-05-22,2024-06-22,0
u-00195,Employee 195,Sales,Jira,Premium,2400.0,2,0,2026-05-03,2025-10-24,1
u-00195,Employee 195,Sales,Slack,Enterprise,1680.0,94,14,2026-05-19,2024-03-13,0
u-00196,Employee 196,Sales,Zoom,Standard,1200.0,40,24,2026-05-21,2024-01-27,0
u-00197,Employee 197,Finance,Zoom,Enterprise,2880.0,117,26,2026-05-20,2026-03-23,0
u-00197,Employee 197,Finance,Jira,Standard,1500.0,50,24,2026-05-19,2026-01-17,0
u-00198,Employee 198,Engineering,Jira,Enterprise,3600.0,51,21,2026-05-19,2025-05-21,0
u-00198,Employee 198,Engineering,HubSpot,Standard,4500.0,92,23,2026-05-21,2026-03-19,0
u-00199,Employee 199,HR,Notion,Standard,900.0,110,10,2026-05-19,2026-02-16,0
u-00199,Employee 199,HR,Slack,Premium,1120.0,23,20,2026-05-21,2025-06-29,0
u-00199,Employee 199,HR,GitHub,Standard,1800.0,89,13,2026-05-21,2024-04-19,0
u-00200,Employee 200,Engineering,Zoom,Premium,1920.0,110,23,2026-05-19,2024-11-18,0
u-00200,Employee 200,Engineering,HubSpot,Premium,7200.0,1,0,2026-04-26,2024-10-22,1
u-00200,Employee 200,Engineering,Salesforce,Premium,19200.0,6,4,2026-05-18,2025-01-02,1
u-00201,Employee 201,Sales,GitHub,Premium,2880.0,0,0,,2025-07-01,1
u-00201,Employee 201,Sales,HubSpot,Standard,4500.0,98,22,2026-05-19,2024-03-13,0
u-00202,Employee 202,Design,Figma,Premium,2080.0,34,24,2026-05-21,2025-10-24,0
u-00202,Employee 202,Design,Notion,Standard,900.0,69,12,2026-05-20,2025-01-03,0
u-00202,Employee 202,Design,Slack,Standard,700.0,61,19,2026-05-19,2024-06-28,0
u-00202,Employee 202,Design,Salesforce,Premium,19200.0,1,0,2026-04-24,2026-01-13,1
u-00203,Employee 203,Finance,Slack,Standard,700.0,103,19,2026-05-20,2025-01-01,0
u-00203,Employee 203,Finance,Notion,Standard,900.0,42,28,2026-05-19,2025-06-20,0
u-00204,Employee 204,HR,Slack,Standard,700.0,20,29,2026-05-21,2024-10-30,0
u-00205,Employee 205,Sales,Notion,Premium,1440.0,20,17,2026-05-19,2024-02-19,0
u-00205,Employee 205,Sales,GitHub,Enterprise,4320.0,0,0,,2024-09-13,1
u-00206,Employee 206,Design,Notion,Standard,900.0,72,16,2026-05-22,2025-10-30,0
u-00207,Employee 207,Engineering,Notion,Standard,900.0,34,12,2026-05-20,2023-12-10,0
u-00207,Employee 207,Engineering,Salesforce,Premium,19200.0,63,12,2026-05-21,2024-11-27,0
u-00207,Employee 207,Engineering,Jira,Premium,2400.0,115,17,2026-05-21,2025-10-17,0
u-00207,Employee 207,Engineering,HubSpot,Enterprise,10800.0,1,1,2026-05-06,2024-06-26,1
u-00208,Employee 208,Engineering,Figma,Premium,2080.0,95,16,2026-05-22,2025-10-15,0
u-00208,Employee 208,Engineering,Zoom,Standard,1200.0,44,26,2026-05-21,2025-06-21,0
u-00209,Employee 209,Legal,Zoom,Standard,1200.0,114,14,2026-05-19,2026-01-14,0
u-00209,Employee 209,Legal,Jira,Standard,1500.0,99,24,2026-05-19,2026-01-20,0
u-00210,Employee 210,Marketing,GitHub,Premium,2880.0,18,13,2026-05-21,2024-04-09,0
u-00210,Employee 210,Marketing,HubSpot,Premium,7200.0,106,21,2026-05-21,2024-04-23,0
u-00211,Employee 211,Legal,HubSpot,Standard,4500.0,2,1,2026-04-23,2024-10-01,0
u-00212,Employee 212,Design,GitHub,Premium,2880.0,56,10,2026-05-21,2025-02-11,0
u-00212,Employee 212,Design,Zoom,Enterprise,2880.0,32,29,2026-05-22,2024-08-04,0
u-00212,Employee 212,Design,Slack,Premium,1120.0,75,26,2026-05-22,2025-09-05,0
u-00213,Employee 213,Engineering,GitHub,Premium,2880.0,73,26,2026-05-21,2024-09-15,0
u-00213,Employee 213,Engineering,Jira,Standard,1500.0,52,24,2026-05-20,2025-09-11,0
u-00213,Employee 213,Engineering,Slack,Standard,700.0,35,24,2026-05-19,2024-08-07,0
u-00214,Employee 214,Legal,Figma,Enterprise,3120.0,0,0,,2025-06-28,1
u-00215,Employee 215,Operations,Salesforce,Standard,12000.0,0,0,,2024-06-04,1
u-00215,Employee 215,Operations,Jira,Standard,1500.0,105,21,2026-05-20,2024-11-18,0
u-00216,Employee 216,Operations,Zoom,Standard,1200.0,82,20,2026-05-22,2024-11-28,0
u-00216,Employee 216,Operations,Jira,Standard,1500.0,84,17,2026-05-21,2025-06-07,0
u-00217,Employee 217,Finance,Notion,Standard,900.0,93,16,2026-05-20,2025-10-13,0
u-00217,Employee 217,Finance,Figma,Standard,1300.0,2,0,2026-04-25,2025-11-27,1
u-00218,Employee 218,HR,Notion,Premium,1440.0,88,21,2026-05-20,2025-04-13,0
u-00218,Employee 218,HR,Zoom,Standard,1200.0,34,20,2026-05-22,2024-11-27,0
u-00218,Employee 218,HR,GitHub,Standard,1800.0,102,17,2026-05-22,2024-07-24,0
u-00219,Employee 219,HR,Salesforce,Premium,19200.0,1,0,2026-04-28,2024-01-18,1
u-00219,Employee 219,HR,GitHub,Premium,2880.0,3,0,2026-03-27,2026-02-19,0
u-00220,Employee 220,Finance,Slack,Standard,700.0,86,27,2026-05-22,2025-07-20,0
u-00221,Employee 221,Finance,Figma,Premium,2080.0,0,0,,2024-02-21,1
u-00221,Employee 221,Finance,Jira,Standard,1500.0,1,0,2026-04-26,2025-09-25,1
u-00222,Employee 222,Finance,HubSpot,Enterprise,10800.0,6,2,2026-05-12,2025-11-21,1
u-00222,Employee 222,Finance,Notion,Standard,900.0,24,13,2026-05-21,2024-11-13,0
u-00222,Employee 222,Finance,Figma,Enterprise,3120.0,61,26,2026-05-21,2026-02-03,0
u-00222,Employee 222,Finance,Jira,Standard,1500.0,106,12,2026-05-20,2024-01-15,0
u-00223,Employee 223,Legal,Salesforce,Standard,12000.0,1,0,2026-04-28,2024-09-20,1
u-00223,Employee 223,Legal,HubSpot,Standard,4500.0,114,27,2026-05-21,2024-07-30,0
u-00223,Employee 223,Legal,Zoom,Standard,1200.0,48,25,2026-05-22,2024-07-01,0
u-00224,Employee 224,Finance,Figma,Enterprise,3120.0,1,0,2026-05-01,2024-03-18,1
u-00224,Employee 224,Finance,Notion,Enterprise,2160.0,81,13,2026-05-19,2025-06-22,0
u-00225,Employee 225,Finance,GitHub,Standard,1800.0,33,18,2026-05-20,2025-01-01,0
u-00225,Employee 225,Finance,Notion,Standard,900.0,28,14,2026-05-22,2024-07-02,0
u-00226,Employee 226,Operations,HubSpot,Standard,4500.0,53,16,2026-05-22,2025-07-14,0
u-00227,Employee 227,Operations,Figma,Standard,1300.0,2,1,2026-04-27,2024-08-02,1
u-00227,Employee 227,Operations,Notion,Standard,900.0,0,1,,2025-11-22,0
u-00227,Employee 227,Operations,GitHub,Standard,1800.0,3,3,2026-05-18,2025-06-10,1
u-00228,Employee 228,Operations,Notion,Standard,900.0,96,10,2026-05-21,2024-06-03,0
u-00228,Employee 228,Operations,HubSpot,Standard,4500.0,107,10,2026-05-19,2025-02-18,0
u-00228,Employee 228,Operations,Jira,Standard,1500.0,42,27,2026-05-21,2024-10-30,0
u-00229,Employee 229,HR,GitHub,Standard,1800.0,27,19,2026-05-19,2025-06-09,0
u-00229,Employee 229,HR,Zoom,Enterprise,2880.0,20,22,2026-05-21,2024-09-12,0
u-00230,Employee 230,Finance,Slack,Premium,1120.0,82,11,2026-05-22,2026-02-02,0
u-00230,Employee 230,Finance,Notion,Premium,1440.0,1,1,2026-05-02,2024-06-07,1
u-00230,Employee 230,Finance,HubSpot,Standard,4500.0,0,0,,2026-03-23,1
u-00230,Employee 230,Finance,Zoom,Premium,1920.0,16,18,2026-05-19,2025-03-27,0
u-00231,Employee 231,Engineering,Zoom,Standard,1200.0,49,23,2026-05-20,2024-05-23,0
u-00231,Employee 231,Engineering,Slack,Enterprise,1680.0,27,10,2026-05-20,2024-06-30,0
u-00232,Employee 232,Finance,HubSpot,Premium,7200.0,24,18,2026-05-19,2024-03-27,0
u-00232,Employee 232,Finance,Zoom,Premium,1920.0,84,13,2026-05-21,2024-03-25,0
u-00233,Employee 233,HR,Slack,Premium,1120.0,2,0,2026-04-26,2023-12-30,1
u-00233,Employee 233,HR,Figma,Premium,2080.0,31,25,2026-05-20,2024-07-29,0
u-00233,Employee 233,HR,HubSpot,Standard,4500.0,39,13,2026-05-19,2025-05-15,0
u-00234,Employee 234,HR,Jira,Standard,1500.0,0,0,,2024-03-04,1
u-00235,Employee 235,Operations,Zoom,Standard,1200.0,1,1,2026-04-25,2025-02-13,0
u-00235,Employee 235,Operations,HubSpot,Standard,4500.0,34,13,2026-05-19,2024-01-03,0
u-00236,Employee 236,Sales,Zoom,Enterprise,2880.0,41,19,2026-05-19,2025-04-01,0
u-00236,Employee 236,Sales,HubSpot,Premium,7200.0,1,0,2026-04-02,2025-10-01,0
u-00236,Employee 236,Sales,Salesforce,Standard,12000.0,107,13,2026-05-19,2025-09-20,0
u-00237,Employee 237,Sales,GitHub,Premium,2880.0,6,4,2026-05-10,2024-02-15,1
u-00237,Employee 237,Sales,Notion,Standard,900.0,88,28,2026-05-22,2025-03-27,0
u-00237,Employee 237,Sales,Slack,Premium,1120.0,2,1,2026-05-12,2026-03-18,1
u-00238,Employee 238,Legal,Slack,Premium,1120.0,109,20,2026-05-19,2024-12-08,0
u-00238,Employee 238,Legal,Figma,Premium,2080.0,113,26,2026-05-21,2026-02-20,0
u-00239,Employee 239,Sales,GitHub,Standard,1800.0,5,4,2026-05-09,2023-12-27,1
u-00239,Employee 239,Sales,Jira,Premium,2400.0,0,0,,2026-02-07,1
u-00240,Employee 240,Legal,HubSpot,Standard,4500.0,0,0,,2024-04-15,1
u-00240,Employee 240,Legal,Zoom,Standard,1200.0,40,19,2026-05-22,2024-02-09,0
u-00240,Employee 240,Legal,Slack,Standard,700.0,103,15,2026-05-19,2025-01-02,0
u-00241,Employee 241,Sales,GitHub,Premium,2880.0,113,11,2026-05-19,2025-07-25,0
u-00241,Employee 241,Sales,Figma,Standard,1300.0,1,1,2026-05-06,2024-08-01,1
u-00242,Employee 242,Legal,Slack,Standard,700.0,0,0,,2025-04-02,1
u-00242,Employee 242,Legal,Figma,Premium,2080.0,2,0,2026-04-24,2025-04-12,1
u-00243,Employee 243,Engineering,Figma,Premium,2080.0,100,19,2026-05-20,2025-11-05,0
u-00243,Employee 243,Engineering,Jira,Standard,1500.0,40,13,2026-05-21,2025-09-28,0
u-00244,Employee 244,Engineering,Salesforce,Standard,12000.0,78,18,2026-05-22,2024-06-21,0
u-00245,Employee 245,Marketing,Zoom,Enterprise,2880.0,103,23,2026-05-20,2025-09-25,0
u-00245,Employee 245,Marketing,Figma,Standard,1300.0,64,19,2026-05-21,2025-11-26,0
u-00246,Employee 246,HR,Slack,Enterprise,1680.0,82,26,2026-05-22,2024-12-16,0
u-00246,Employee 246,HR,HubSpot,Standard,4500.0,54,18,2026-05-20,2025-06-05,0
u-00246,Employee 246,HR,Salesforce,Standard,12000.0,25,10,2026-05-22,2024-10-10,0
u-00247,Employee 247,Design,Jira,Standard,1500.0,15,29,2026-05-21,2024-08-11,0
u-00248,Employee 248,Design,HubSpot,Standard,4500.0,48,23,2026-05-19,2025-06-17,0
u-00248,Employee 248,Design,Jira,Standard,1500.0,46,15,2026-05-19,2025-02-20,0
u-00249,Employee 249,HR,Figma,Standard,1300.0,1,1,2026-05-06,2026-01-02,1
u-00249,Employee 249,HR,Zoom,Standard,1200.0,26,17,2026-05-21,2023-12-16,0
u-00250,Employee 250,Sales,Slack,Standard,700.0,46,24,2026-05-21,2026-03-08,0
u-00250,Employee 250,Sales,Figma,Premium,2080.0,1,1,2026-05-11,2024-08-14,1
u-00251,Employee 251,Finance,Jira,Standard,1500.0,91,26,2026-05-20,2025-06-15,0
u-00252,Employee 252,HR,Slack,Premium,1120.0,115,28,2026-05-21,2024-06-14,0
u-00252,Employee 252,HR,HubSpot,Standard,4500.0,2,0,2026-05-03,2025-03-14,1
u-00253,Employee 253,Finance,Zoom,Premium,1920.0,79,18,2026-05-21,2025-07-10,0
u-00253,Employee 253,Finance,GitHub,Standard,1800.0,2,1,2026-05-01,2025-08-29,1
u-00253,Employee 253,Finance,Salesforce,Standard,12000.0,1,0,2026-04-29,2025-12-22,0
u-00254,Employee 254,Marketing,Salesforce,Standard,12000.0,39,13,2026-05-20,2025-04-10,0
u-00254,Employee 254,Marketing,Jira,Standard,1500.0,79,22,2026-05-19,2025-10-21,0
u-00254,Employee 254,Marketing,Figma,Enterprise,3120.0,5,3,2026-05-09,2024-07-28,1
u-00254,Employee 254,Marketing,GitHub,Standard,1800.0,66,24,2026-05-19,2024-10-25,0
u-00255,Employee 255,Legal,GitHub,Standard,1800.0,1,1,2026-04-29,2024-10-12,0
u-00256,Employee 256,Sales,Jira,Standard,1500.0,5,4,2026-05-08,2025-03-04,1
u-00256,Employee 256,Sales,Zoom,Standard,1200.0,114,18,2026-05-19,2024-06-01,0
u-00257,Employee 257,HR,HubSpot,Enterprise,10800.0,65,13,2026-05-19,2024-09-12,0
u-00257,Employee 257,HR,Salesforce,Standard,12000.0,2,0,2026-05-02,2026-01-16,1
u-00258,Employee 258,Finance,GitHub,Standard,1800.0,96,13,2026-05-20,2025-03-28,0
u-00258,Employee 258,Finance,Figma,Standard,1300.0,41,10,2026-05-21,2025-11-28,0
u-00259,Employee 259,Finance,Figma,Enterprise,3120.0,95,16,2026-05-19,2025-08-13,0
u-00259,Employee 259,Finance,Salesforce,Standard,12000.0,43,12,2026-05-22,2025-01-07,0
u-00259,Employee 259,Finance,GitHub,Standard,1800.0,46,13,2026-05-22,2025-02-18,0
u-00259,Employee 259,Finance,Slack,Standard,700.0,85,16,2026-05-19,2025-07-14,0
u-00260,Employee 260,Marketing,GitHub,Standard,1800.0,32,29,2026-05-21,2025-09-09,0
u-00261,Employee 261,Marketing,Slack,Enterprise,1680.0,63,25,2026-05-22,2024-04-27,0
u-00261,Employee 261,Marketing,Salesforce,Standard,12000.0,74,11,2026-05-20,2025-03-07,0
u-00262,Employee 262,Marketing,GitHub,Enterprise,4320.0,5,3,2026-05-18,2025-11-07,1
u-00263,Employee 263,HR,HubSpot,Enterprise,10800.0,2,1,2026-05-02,2025-01-29,1
u-00263,Employee 263,HR,Salesforce,Premium,19200.0,2,1,2026-05-10,2025-09-21,1
u-00264,Employee 264,Legal,GitHub,Standard,1800.0,1,1,2026-05-12,2026-01-04,1
u-00264,Employee 264,Legal,Notion,Enterprise,2160.0,104,14,2026-05-22,2025-02-08,0
u-00265,Employee 265,Design,GitHub,Standard,1800.0,103,14,2026-05-21,2025-03-19,0
u-00266,Employee 266,Legal,HubSpot,Standard,4500.0,3,1,2026-04-29,2025-07-14,0
u-00266,Employee 266,Legal,Salesforce,Standard,12000.0,25,21,2026-05-22,2024-01-31,0
u-00267,Employee 267,Sales,Figma,Standard,1300.0,102,19,2026-05-20,2025-11-11,0
u-00267,Employee 267,Sales,Notion,Standard,900.0,41,23,2026-05-19,2024-02-08,0
u-00267,Employee 267,Sales,Zoom,Premium,1920.0,91,22,2026-05-20,2024-10-03,0
u-00268,Employee 268,HR,Salesforce,Standard,12000.0,118,17,2026-05-20,2025-02-10,0
u-00268,Employee 268,HR,HubSpot,Standard,4500.0,46,12,2026-05-22,2026-02-09,0
u-00269,Employee 269,Finance,Salesforce,Standard,12000.0,114,15,2026-05-19,2026-03-21,0
u-00269,Employee 269,Finance,Figma,Standard,1300.0,53,15,2026-05-20,2025-09-15,0
u-00269,Employee 269,Finance,Notion,Premium,1440.0,115,29,2026-05-20,2024-05-17,0
u-00269,Employee 269,Finance,Zoom,Standard,1200.0,15,15,2026-05-19,2025-05-12,0
u-00270,Employee 270,Sales,Zoom,Enterprise,2880.0,52,22,2026-05-21,2026-03-10,0
u-00271,Employee 271,Legal,HubSpot,Standard,4500.0,2,0,2026-04-30,2025-08-11,1
u-00271,Employee 271,Legal,Zoom,Premium,1920.0,35,10,2026-05-22,2024-01-17,0
u-00272,Employee 272,Marketing,Figma,Standard,1300.0,95,25,2026-05-21,2026-03-20,0
u-00273,Employee 273,Legal,Slack,Standard,700.0,118,29,2026-05-21,2025-03-30,0
u-00273,Employee 273,Legal,Jira,Standard,1500.0,21,16,2026-05-20,2025-02-14,0
u-00274,Employee 274,Operations,Figma,Premium,2080.0,1,1,2026-04-28,2024-10-31,1
u-00274,Employee 274,Operations,Zoom,Premium,1920.0,36,28,2026-05-20,2025-11-12,0
u-00275,Employee 275,Operations,Slack,Premium,1120.0,106,10,2026-05-21,2025-11-30,0
u-00275,Employee 275,Operations,Figma,Standard,1300.0,56,29,2026-05-20,2026-03-04,0
u-00276,Employee 276,Marketing,Notion,Standard,900.0,95,26,2026-05-20,2024-11-15,0
u-00276,Employee 276,Marketing,Jira,Standard,1500.0,114,28,2026-05-21,2024-06-13,0
u-00276,Employee 276,Marketing,HubSpot,Standard,4500.0,116,22,2026-05-21,2024-03-24,0
u-00276,Employee 276,Marketing,Figma,Standard,1300.0,109,16,2026-05-22,2024-05-11,0
u-00277,Employee 277,HR,Figma,Premium,2080.0,33,18,2026-05-19,2024-03-19,0
u-00277,Employee 277,HR,HubSpot,Premium,7200.0,18,28,2026-05-19,2025-07-17,0
u-00278,Employee 278,Sales,HubSpot,Premium,7200.0,110,13,2026-05-21,2025-06-20,0
u-00278,Employee 278,Sales,Salesforce,Enterprise,28800.0,105,11,2026-05-20,2025-01-13,0
u-00279,Employee 279,Operations,GitHub,Standard,1800.0,86,29,2026-05-22,2024-08-29,0
u-00279,Employee 279,Operations,Zoom,Premium,1920.0,27,13,2026-05-20,2024-04-01,0
u-00280,Employee 280,Engineering,Figma,Standard,1300.0,2,0,2026-04-30,2024-06-10,1
u-00281,Employee 281,Sales,HubSpot,Premium,7200.0,40,23,2026-05-19,2024-09-04,0
u-00281,Employee 281,Sales,Jira,Standard,1500.0,72,13,2026-05-20,2024-04-04,0
u-00281,Employee 281,Sales,Salesforce,Premium,19200.0,113,15,2026-05-21,2024-06-06,0
u-00281,Employee 281,Sales,Slack,Enterprise,1680.0,67,22,2026-05-21,2026-02-04,0
u-00282,Employee 282,Operations,HubSpot,Standard,4500.0,44,22,2026-05-22,2026-03-01,0
u-00282,Employee 282,Operations,Notion,Premium,1440.0,111,21,2026-05-22,2024-07-20,0
u-00283,Employee 283,Legal,Salesforce,Standard,12000.0,1,0,2026-05-08,2025-08-05,1
u-00284,Employee 284,Finance,GitHub,Standard,1800.0,5,3,2026-05-13,2025-10-03,1
u-00284,Employee 284,Finance,HubSpot,Premium,7200.0,22,17,2026-05-21,2025-12-17,0
u-00285,Employee 285,Marketing,GitHub,Enterprise,4320.0,1,0,2026-04-28,2025-05-27,1
u-00285,Employee 285,Marketing,Jira,Premium,2400.0,26,20,2026-05-22,2024-01-08,0
u-00285,Employee 285,Marketing,Notion,Enterprise,2160.0,78,25,2026-05-19,2025-02-09,0
u-00286,Employee 286,Legal,Slack,Premium,1120.0,35,28,2026-05-22,2025-09-20,0
u-00286,Employee 286,Legal,Salesforce,Standard,12000.0,1,0,2026-05-01,2025-05-06,1
u-00286,Employee 286,Legal,Notion,Standard,900.0,1,0,2026-05-01,2024-01-01,0
u-00286,Employee 286,Legal,GitHub,Enterprise,4320.0,109,13,2026-05-22,2025-03-30,0
u-00287,Employee 287,Finance,Zoom,Enterprise,2880.0,90,27,2026-05-19,2025-04-09,0
u-00288,Employee 288,HR,Salesforce,Premium,19200.0,53,16,2026-05-19,2024-12-22,0
u-00288,Employee 288,HR,GitHub,Premium,2880.0,70,23,2026-05-22,2025-08-18,0
u-00288,Employee 288,HR,Jira,Enterprise,3600.0,53,17,2026-05-21,2024-04-29,0
u-00288,Employee 288,HR,HubSpot,Standard,4500.0,2,1,2026-05-02,2025-10-03,1
u-00289,Employee 289,Finance,Slack,Standard,700.0,116,18,2026-05-20,2025-07-30,0
u-00289,Employee 289,Finance,Jira,Standard,1500.0,100,23,2026-05-20,2025-01-06,0
u-00290,Employee 290,Engineering,Zoom,Enterprise,2880.0,59,12,2026-05-22,2025-03-21,0
u-00291,Employee 291,Legal,GitHub,Standard,1800.0,3,3,2026-05-12,2024-05-29,1
u-00291,Employee 291,Legal,HubSpot,Enterprise,10800.0,50,24,2026-05-22,2024-11-09,0
u-00291,Employee 291,Legal,Notion,Premium,1440.0,111,28,2026-05-21,2024-11-22,0
u-00291,Employee 291,Legal,Zoom,Standard,1200.0,60,23,2026-05-19,2024-11-04,0
u-00292,Employee 292,Design,HubSpot,Standard,4500.0,94,13,2026-05-19,2024-04-15,0
u-00292,Employee 292,Design,Jira,Standard,1500.0,30,23,2026-05-20,2025-03-12,0
u-00292,Employee 292,Design,Slack,Premium,1120.0,89,18,2026-05-22,2024-02-18,0
u-00293,Employee 293,Legal,Zoom,Premium,1920.0,17,12,2026-05-20,2026-04-15,0
u-00293,Employee 293,Legal,Jira,Premium,2400.0,0,0,,2024-09-02,1
u-00294,Employee 294,Finance,Zoom,Premium,1920.0,37,13,2026-05-19,2025-02-17,0
u-00295,Employee 295,Engineering,GitHub,Standard,1800.0,19,23,2026-05-19,2026-01-11,0
u-00295,Employee 295,Engineering,Figma,Standard,1300.0,118,27,2026-05-21,2024-10-09,0
u-00295,Employee 295,Engineering,Jira,Enterprise,3600.0,70,11,2026-05-19,2025-07-01,0
u-00296,Employee 296,Operations,GitHub,Standard,1800.0,51,10,2026-05-20,2026-01-18,0
u-00296,Employee 296,Operations,Figma,Standard,1300.0,92,26,2026-05-19,2025-11-29,0
u-00297,Employee 297,Sales,GitHub,Enterprise,4320.0,0,1,,2024-03-15,0
u-00297,Employee 297,Sales,Notion,Standard,900.0,70,16,2026-05-19,2025-01-12,0
u-00297,Employee 297,Sales,Zoom,Standard,1200.0,39,24,2026-05-21,2025-06-06,0
u-00298,Employee 298,Legal,Zoom,Standard,1200.0,60,23,2026-05-19,2025-02-13,0
u-00298,Employee 298,Legal,Jira,Enterprise,3600.0,90,29,2026-05-21,2024-07-26,0
u-00298,Employee 298,Legal,GitHub,Enterprise,4320.0,1,1,2026-05-08,2024-11-13,1
u-00299,Employee 299,Legal,Notion,Standard,900.0,94,21,2026-05-21,2025-02-28,0
u-00300,Employee 300,Operations,Figma,Enterprise,3120.0,93,20,2026-05-21,2025-11-24,0
u-00300,Employee 300,Operations,Jira,Standard,1500.0,33,20,2026-05-21,2025-05-26,0
u-00301,Employee 301,Operations,Jira,Standard,1500.0,76,28,2026-05-21,2024-05-28,0
u-00301,Employee 301,Operations,Notion,Standard,900.0,43,19,2026-05-22,2024-05-19,0
u-00302,Employee 302,Finance,Figma,Standard,1300.0,2,0,2026-05-04,2024-10-30,1
u-00302,Employee 302,Finance,Slack,Premium,1120.0,71,15,2026-05-20,2025-12-12,0
u-00303,Employee 303,Design,Salesforce,Standard,12000.0,69,22,2026-05-19,2026-04-14,0
u-00303,Employee 303,Design,Zoom,Premium,1920.0,15,12,2026-05-20,2024-05-28,0
u-00303,Employee 303,Design,Notion,Premium,1440.0,21,21,2026-05-19,2025-06-05,0
u-00303,Employee 303,Design,Jira,Standard,1500.0,2,0,2026-04-27,2024-12-10,1
u-00304,Employee 304,Design,Figma,Enterprise,3120.0,80,27,2026-05-20,2024-08-22,0
u-00304,Employee 304,Design,Notion,Enterprise,2160.0,24,21,2026-05-22,2025-05-06,0
u-00305,Employee 305,Marketing,HubSpot,Premium,7200.0,84,12,2026-05-21,2025-05-31,0
u-00305,Employee 305,Marketing,Salesforce,Standard,12000.0,89,11,2026-05-21,2024-11-11,0
u-00305,Employee 305,Marketing,Slack,Standard,700.0,115,14,2026-05-21,2024-09-11,0
u-00306,Employee 306,Operations,Slack,Standard,700.0,118,18,2026-05-20,2024-07-21,0
u-00307,Employee 307,Legal,Slack,Premium,1120.0,42,28,2026-05-22,2025-02-25,0
u-00307,Employee 307,Legal,GitHub,Standard,1800.0,5,3,2026-05-08,2025-08-22,1
u-00307,Employee 307,Legal,Jira,Standard,1500.0,61,15,2026-05-20,2024-12-29,0
u-00307,Employee 307,Legal,Salesforce,Enterprise,28800.0,4,3,2026-05-16,2025-10-05,1
u-00308,Employee 308,Marketing,Figma,Premium,2080.0,2,1,2026-05-06,2024-09-11,1
u-00309,Employee 309,Marketing,Slack,Premium,1120.0,86,26,2026-05-21,2025-04-09,0
u-00310,Employee 310,Legal,GitHub,Enterprise,4320.0,87,26,2026-05-21,2026-02-27,0
u-00311,Employee 311,Operations,Figma,Enterprise,3120.0,0,0,,2024-07-20,0
u-00312,Employee 312,Engineering,Notion,Enterprise,2160.0,45,28,2026-05-21,2024-08-03,0
u-00312,Employee 312,Engineering,Figma,Premium,2080.0,53,10,2026-05-19,2026-04-15,0
u-00312,Employee 312,Engineering,HubSpot,Standard,4500.0,102,26,2026-05-20,2024-12-01,0
u-00312,Employee 312,Engineering,GitHub,Enterprise,4320.0,53,16,2026-05-21,2025-08-29,0
u-00313,Employee 313,Design,Notion,Enterprise,2160.0,28,15,2026-05-20,2024-05-13,0
u-00314,Employee 314,Legal,Salesforce,Premium,19200.0,1,1,2026-05-08,2024-01-21,1
u-00314,Employee 314,Legal,GitHub,Premium,2880.0,26,18,2026-05-21,2025-05-03,0
u-00314,Employee 314,Legal,HubSpot,Premium,7200.0,45,20,2026-05-20,2025-06-01,0
u-00315,Employee 315,Finance,GitHub,Premium,2880.0,54,25,2026-05-21,2025-09-28,0
u-00315,Employee 315,Finance,Slack,Enterprise,1680.0,47,20,2026-05-22,2025-08-02,0
u-00315,Employee 315,Finance,Notion,Standard,900.0,74,16,2026-05-21,2025-12-09,0
u-00316,Employee 316,Engineering,Figma,Standard,1300.0,38,29,2026-05-22,2025-03-08,0
u-00316,Employee 316,Engineering,Salesforce,Enterprise,28800.0,1,0,2026-05-06,2024-09-12,1
u-00317,Employee 317,Engineering,HubSpot,Enterprise,10800.0,117,15,2026-05-19,2024-06-22,0
u-00317,Employee 317,Engineering,Slack,Premium,1120.0,4,2,2026-05-13,2024-11-14,1
u-00317,Employee 317,Engineering,Notion,Premium,1440.0,45,29,2026-05-20,2026-01-19,0
u-00318,Employee 318,HR,Salesforce,Enterprise,28800.0,2,0,2026-04-26,2024-10-01,1
u-00318,Employee 318,HR,HubSpot,Premium,7200.0,71,21,2026-05-20,2025-05-30,0
u-00319,Employee 319,Operations,Salesforce,Standard,12000.0,1,1,2026-05-06,2026-02-17,1
u-00320,Employee 320,HR,Notion,Enterprise,2160.0,55,27,2026-05-20,2024-01-14,0
u-00321,Employee 321,Operations,Figma,Standard,1300.0,0,0,,2024-02-27,1
u-00321,Employee 321,Operations,Slack,Standard,700.0,89,10,2026-05-19,2025-11-29,0
u-00322,Employee 322,Finance,Figma,Premium,2080.0,90,10,2026-05-22,2025-09-10,0
u-00323,Employee 323,Marketing,Zoom,Enterprise,2880.0,45,14,2026-05-19,2024-09-25,0
u-00323,Employee 323,Marketing,Slack,Premium,1120.0,3,0,2026-04-17,2025-10-01,0
u-00324,Employee 324,Engineering,Figma,Enterprise,3120.0,49,24,2026-05-22,2025-10-03,0
u-00324,Employee 324,Engineering,GitHub,Premium,2880.0,61,27,2026-05-20,2024-09-08,0
u-00325,Employee 325,Finance,HubSpot,Standard,4500.0,62,14,2026-05-20,2024-03-15,0
u-00325,Employee 325,Finance,GitHub,Standard,1800.0,0,0,,2025-08-21,1
u-00325,Employee 325,Finance,Slack,Standard,700.0,2,0,2026-04-25,2024-05-01,1
u-00325,Employee 325,Finance,Notion,Premium,1440.0,20,23,2026-05-19,2024-09-26,0
u-00326,Employee 326,Legal,GitHub,Premium,2880.0,56,18,2026-05-19,2024-08-16,0
u-00327,Employee 327,Legal,GitHub,Standard,1800.0,5,4,2026-05-10,2025-02-06,1
u-00327,Employee 327,Legal,Notion,Enterprise,2160.0,3,0,2026-04-12,2025-11-13,0
u-00327,Employee 327,Legal,Salesforce,Enterprise,28800.0,0,0,,2025-03-25,1
u-00328,Employee 328,Legal,GitHub,Standard,1800.0,6,4,2026-05-11,2024-03-16,1
u-00328,Employee 328,Legal,Notion,Standard,900.0,63,12,2026-05-21,2024-08-19,0
u-00328,Employee 328,Legal,HubSpot,Standard,4500.0,88,28,2026-05-19,2026-02-17,0
u-00329,Employee 329,Marketing,Slack,Standard,700.0,84,11,2026-05-19,2026-01-06,0
u-00330,Employee 330,Legal,Notion,Standard,900.0,79,25,2026-05-19,2024-09-13,0
u-00330,Employee 330,Legal,GitHub,Enterprise,4320.0,67,21,2026-05-20,2025-12-18,0
u-00331,Employee 331,HR,Figma,Standard,1300.0,7,3,2026-05-12,2024-08-04,1
u-00331,Employee 331,HR,Notion,Premium,1440.0,64,19,2026-05-22,2025-05-27,0
u-00331,Employee 331,HR,Zoom,Premium,1920.0,43,14,2026-05-21,2026-01-08,0
u-00331,Employee 331,HR,Jira,Standard,1500.0,0,0,,2024-10-20,1
u-00332,Employee 332,HR,Jira,Premium,2400.0,34,27,2026-05-22,2026-03-14,0
u-00332,Employee 332,HR,HubSpot,Enterprise,10800.0,1,1,2026-03-26,2024-08-23,0
u-00332,Employee 332,HR,Figma,Standard,1300.0,1,0,2026-05-11,2024-03-09,1
u-00333,Employee 333,Engineering,Jira,Standard,1500.0,16,25,2026-05-20,2025-01-26,0
u-00333,Employee 333,Engineering,HubSpot,Enterprise,10800.0,3,3,2026-05-14,2024-02-11,1
u-00334,Employee 334,Operations,GitHub,Enterprise,4320.0,4,3,2026-05-14,2025-04-11,1
u-00334,Employee 334,Operations,Notion,Premium,1440.0,94,10,2026-05-21,2025-08-09,0
u-00335,Employee 335,HR,Salesforce,Enterprise,28800.0,109,16,2026-05-21,2025-08-17,0
u-00336,Employee 336,Design,GitHub,Standard,1800.0,36,28,2026-05-20,2024-01-30,0
u-00336,Employee 336,Design,Salesforce,Premium,19200.0,26,19,2026-05-20,2024-09-23,0
u-00337,Employee 337,Sales,HubSpot,Premium,7200.0,32,18,2026-05-20,2025-06-30,0
u-00338,Employee 338,HR,Jira,Standard,1500.0,0,0,,2025-01-29,1
u-00339,Employee 339,Operations,Jira,Enterprise,3600.0,56,26,2026-05-19,2026-04-06,0
u-00340,Employee 340,Finance,GitHub,Standard,1800.0,119,25,2026-05-22,2024-11-14,0
u-00340,Employee 340,Finance,Notion,Standard,900.0,24,11,2026-05-19,2024-04-06,0
u-00341,Employee 341,Marketing,Slack,Standard,700.0,107,29,2026-05-22,2025-09-11,0
u-00341,Employee 341,Marketing,Notion,Standard,900.0,71,18,2026-05-19,2025-03-08,0
u-00341,Employee 341,Marketing,Figma,Standard,1300.0,77,19,2026-05-21,2025-02-18,0
u-00341,Employee 341,Marketing,Salesforce,Standard,12000.0,68,28,2026-05-19,2025-01-11,0
u-00342,Employee 342,HR,HubSpot,Standard,4500.0,96,22,2026-05-22,2025-03-24,0
u-00342,Employee 342,HR,Salesforce,Premium,19200.0,63,16,2026-05-20,2025-05-29,0
u-00343,Employee 343,Operations,Zoom,Premium,1920.0,104,25,2026-05-22,2024-09-01,0
u-00344,Employee 344,Engineering,GitHub,Standard,1800.0,40,21,2026-05-22,2025-02-01,0
u-00344,Employee 344,Engineering,Zoom,Enterprise,2880.0,78,25,2026-05-22,2025-08-30,0
u-00345,Employee 345,Design,Zoom,Premium,1920.0,34,15,2026-05-20,2024-05-27,0
u-00345,Employee 345,Design,Slack,Premium,1120.0,85,15,2026-05-22,2025-06-24,0
u-00346,Employee 346,Marketing,Notion,Standard,900.0,105,21,2026-05-21,2025-03-10,0
u-00346,Employee 346,Marketing,GitHub,Standard,1800.0,91,25,2026-05-19,2024-10-07,0
u-00347,Employee 347,HR,Zoom,Standard,1200.0,108,25,2026-05-22,2025-11-03,0
u-00348,Employee 348,HR,HubSpot,Standard,4500.0,85,12,2026-05-21,2025-08-08,0
u-00349,Employee 349,HR,Notion,Standard,900.0,117,19,2026-05-21,2025-02-12,0
u-00349,Employee 349,HR,Figma,Standard,1300.0,4,4,2026-05-09,2025-07-01,1
u-00350,Employee 350,Engineering,HubSpot,Standard,4500.0,2,1,2026-04-24,2025-05-04,1
u-00351,Employee 351,Engineering,Zoom,Standard,1200.0,23,12,2026-05-19,2024-08-10,0
u-00352,Employee 352,Finance,Figma,Standard,1300.0,102,10,2026-05-19,2025-04-19,0
u-00352,Employee 352,Finance,HubSpot,Standard,4500.0,3,1,2026-04-29,2025-01-19,0
u-00352,Employee 352,Finance,GitHub,Standard,1800.0,2,1,2026-04-23,2025-10-25,1
u-00353,Employee 353,Operations,Slack,Standard,700.0,1,1,2026-04-06,2024-10-16,0
u-00354,Employee 354,Design,Salesforce,Premium,19200.0,41,16,2026-05-22,2026-01-24,0
u-00354,Employee 354,Design,Zoom,Enterprise,2880.0,95,23,2026-05-22,2024-07-22,0
u-00354,Employee 354,Design,GitHub,Premium,2880.0,63,14,2026-05-22,2026-03-01,0
u-00354,Employee 354,Design,HubSpot,Standard,4500.0,15,28,2026-05-21,2025-08-24,0
u-00355,Employee 355,Legal,Notion,Standard,900.0,71,20,2026-05-22,2025-09-17,0
u-00355,Employee 355,Legal,HubSpot,Enterprise,10800.0,5,2,2026-05-11,2025-12-04,1
u-00356,Employee 356,HR,Figma,Standard,1300.0,25,14,2026-05-22,2025-07-29,0
u-00356,Employee 356,HR,HubSpot,Standard,4500.0,87,17,2026-05-21,2025-07-04,0
u-00357,Employee 357,Operations,Slack,Enterprise,1680.0,19,12,2026-05-20,2025-09-28,0
u-00358,Employee 358,Finance,HubSpot,Premium,7200.0,72,12,2026-05-21,2024-03-26,0
u-00358,Employee 358,Finance,Salesforce,Enterprise,28800.0,0,0,,2026-01-09,1
u-00359,Employee 359,Operations,Jira,Enterprise,3600.0,39,20,2026-05-22,2025-01-11,0
u-00359,Employee 359,Operations,Notion,Standard,900.0,0,0,,2026-01-04,1
u-00360,Employee 360,Engineering,HubSpot,Standard,4500.0,78,24,2026-05-20,2025-10-10,0
u-00360,Employee 360,Engineering,Notion,Standard,900.0,114,26,2026-05-22,2025-03-21,0
u-00360,Employee 360,Engineering,Zoom,Standard,1200.0,102,14,2026-05-20,2024-06-24,0
u-00361,Employee 361,Design,Slack,Premium,1120.0,2,1,2026-04-15,2025-08-15,0
u-00362,Employee 362,Marketing,Salesforce,Standard,12000.0,36,23,2026-05-21,2025-04-18,0
u-00362,Employee 362,Marketing,HubSpot,Standard,4500.0,83,14,2026-05-21,2024-10-11,0
u-00362,Employee 362,Marketing,Zoom,Premium,1920.0,57,22,2026-05-19,2025-01-16,0
u-00362,Employee 362,Marketing,Jira,Standard,1500.0,2,1,2026-04-24,2024-09-02,1
u-00363,Employee 363,Engineering,Slack,Standard,700.0,80,17,2026-05-22,2024-09-12,0
u-00363,Employee 363,Engineering,HubSpot,Standard,4500.0,60,18,2026-05-22,2025-04-04,0
u-00364,Employee 364,Marketing,Figma,Standard,1300.0,70,14,2026-05-19,2023-12-09,0
u-00364,Employee 364,Marketing,Jira,Premium,2400.0,85,28,2026-05-22,2024-07-24,0
u-00365,Employee 365,Operations,Figma,Standard,1300.0,6,4,2026-05-19,2024-06-23,1
u-00365,Employee 365,Operations,GitHub,Premium,2880.0,0,0,,2026-04-08,1
u-00366,Employee 366,Marketing,Figma,Standard,1300.0,0,0,,2024-07-15,0
u-00366,Employee 366,Marketing,Notion,Premium,1440.0,42,24,2026-05-19,2025-07-06,0
u-00367,Employee 367,Engineering,HubSpot,Premium,7200.0,116,11,2026-05-21,2024-07-11,0
u-00367,Employee 367,Engineering,GitHub,Standard,1800.0,107,17,2026-05-21,2025-05-25,0
u-00367,Employee 367,Engineering,Jira,Premium,2400.0,2,0,2026-04-18,2025-05-11,0
u-00368,Employee 368,HR,Salesforce,Standard,12000.0,1,0,2026-05-08,2025-08-15,1
u-00368,Employee 368,HR,Notion,Standard,900.0,3,0,2026-03-27,2025-04-08,0
u-00369,Employee 369,Operations,Jira,Premium,2400.0,39,17,2026-05-20,2025-07-11,0
u-00369,Employee 369,Operations,HubSpot,Enterprise,10800.0,116,18,2026-05-22,2024-03-22,0
u-00370,Employee 370,Legal,Jira,Standard,1500.0,48,27,2026-05-22,2025-11-29,0
u-00371,Employee 371,Operations,Slack,Premium,1120.0,104,18,2026-05-22,2025-07-25,0
u-00371,Employee 371,Operations,Notion,Standard,900.0,51,16,2026-05-21,2024-09-24,0
u-00371,Employee 371,Operations,Zoom,Enterprise,2880.0,26,14,2026-05-22,2024-04-03,0
u-00372,Employee 372,Operations,Salesforce,Premium,19200.0,99,10,2026-05-22,2025-03-15,0
u-00373,Employee 373,Design,GitHub,Enterprise,4320.0,72,18,2026-05-19,2026-02-13,0
u-00374,Employee 374,Finance,Slack,Standard,700.0,38,10,2026-05-19,2025-01-30,0
u-00374,Employee 374,Finance,Figma,Premium,2080.0,55,17,2026-05-19,2026-03-18,0
u-00374,Employee 374,Finance,Jira,Premium,2400.0,2,0,2026-05-04,2025-06-13,1
u-00375,Employee 375,Engineering,Jira,Premium,2400.0,1,1,2026-04-23,2026-04-11,0
u-00375,Employee 375,Engineering,Notion,Enterprise,2160.0,30,25,2026-05-20,2025-09-30,0
u-00376,Employee 376,Sales,Salesforce,Premium,19200.0,19,24,2026-05-20,2025-06-23,0
u-00376,Employee 376,Sales,Figma,Standard,1300.0,89,16,2026-05-20,2025-04-03,0
u-00376,Employee 376,Sales,Zoom,Standard,1200.0,36,18,2026-05-19,2025-10-16,0
u-00377,Employee 377,Finance,Zoom,Standard,1200.0,60,15,2026-05-20,2024-02-02,0
u-00377,Employee 377,Finance,Figma,Premium,2080.0,66,16,2026-05-21,2024-07-12,0
u-00377,Employee 377,Finance,GitHub,Standard,1800.0,70,23,2026-05-20,2025-01-20,0
u-00378,Employee 378,Finance,Slack,Standard,700.0,27,27,2026-05-21,2025-04-25,0
u-00379,Employee 379,Finance,Jira,Standard,1500.0,79,25,2026-05-19,2025-07-07,0
u-00379,Employee 379,Finance,Figma,Standard,1300.0,3,4,2026-05-14,2025-10-27,1
u-00380,Employee 380,Finance,Notion,Enterprise,2160.0,64,23,2026-05-19,2024-07-16,0
u-00381,Employee 381,Marketing,Salesforce,Standard,12000.0,83,27,2026-05-19,2024-02-06,0
u-00382,Employee 382,HR,Zoom,Premium,1920.0,61,10,2026-05-19,2025-11-26,0
u-00382,Employee 382,HR,Slack,Enterprise,1680.0,70,13,2026-05-20,2025-05-29,0
u-00382,Employee 382,HR,GitHub,Enterprise,4320.0,103,29,2026-05-19,2024-12-27,0
u-00382,Employee 382,HR,HubSpot,Standard,4500.0,79,24,2026-05-21,2025-07-01,0
u-00383,Employee 383,Marketing,Slack,Premium,1120.0,86,28,2026-05-21,2024-05-26,0
u-00384,Employee 384,Sales,Zoom,Enterprise,2880.0,0,0,,2024-01-22,1
u-00385,Employee 385,Sales,Notion,Standard,900.0,0,0,,2026-01-28,1
u-00385,Employee 385,Sales,Figma,Enterprise,3120.0,3,0,2026-04-12,2026-03-16,0
u-00386,Employee 386,Finance,Notion,Standard,900.0,0,1,,2024-05-31,0
u-00386,Employee 386,Finance,Salesforce,Standard,12000.0,88,16,2026-05-22,2024-04-25,0
u-00387,Employee 387,Marketing,GitHub,Premium,2880.0,2,0,2026-05-06,2024-08-08,1
u-00387,Employee 387,Marketing,Salesforce,Premium,19200.0,82,27,2026-05-21,2025-05-15,0
u-00388,Employee 388,Marketing,Figma,Enterprise,3120.0,62,27,2026-05-22,2024-07-02,0
u-00388,Employee 388,Marketing,GitHub,Enterprise,4320.0,4,2,2026-05-09,2025-02-20,1
u-00388,Employee 388,Marketing,Salesforce,Premium,19200.0,70,13,2026-05-19,2024-01-18,0
u-00388,Employee 388,Marketing,Notion,Premium,1440.0,3,1,2026-04-15,2025-11-10,0
u-00389,Employee 389,Legal,HubSpot,Standard,4500.0,83,13,2026-05-19,2025-02-28,0
u-00389,Employee 389,Legal,Figma,Standard,1300.0,1,0,2026-05-03,2025-12-21,1
u-00390,Employee 390,Operations,Slack,Standard,700.0,76,18,2026-05-19,2025-09-14,0
u-00390,Employee 390,Operations,Jira,Premium,2400.0,0,1,,2025-03-09,0
u-00390,Employee 390,Operations,GitHub,Enterprise,4320.0,3,1,2026-03-28,2025-07-03,0
u-00391,Employee 391,Finance,Salesforce,Standard,12000.0,56,16,2026-05-19,2024-03-04,0
u-00391,Employee 391,Finance,Notion,Enterprise,2160.0,28,13,2026-05-19,2026-04-12,0
u-00392,Employee 392,HR,HubSpot,Standard,4500.0,0,0,,2025-02-22,1
u-00392,Employee 392,HR,Notion,Standard,900.0,98,15,2026-05-19,2025-10-10,0
u-00393,Employee 393,Sales,Salesforce,Standard,12000.0,73,24,2026-05-19,2024-11-02,0
u-00393,Employee 393,Sales,Jira,Premium,2400.0,64,12,2026-05-21,2025-03-30,0
u-00394,Employee 394,Design,Figma,Standard,1300.0,2,1,2026-03-26,2026-03-30,0
u-00395,Employee 395,Engineering,HubSpot,Standard,4500.0,2,1,2026-04-26,2026-04-06,1
u-00395,Employee 395,Engineering,Notion,Standard,900.0,97,29,2026-05-22,2024-08-10,0
u-00396,Employee 396,Legal,Slack,Standard,700.0,67,27,2026-05-19,2024-10-21,0
u-00397,Employee 397,Engineering,Notion,Standard,900.0,1,1,2026-04-26,2024-12-09,0
u-00397,Employee 397,Engineering,GitHub,Standard,1800.0,33,24,2026-05-19,2024-08-06,0
u-00397,Employee 397,Engineering,Slack,Standard,700.0,32,29,2026-05-22,2025-02-05,0
u-00398,Employee 398,Engineering,Zoom,Standard,1200.0,41,14,2026-05-20,2024-03-30,0
u-00398,Employee 398,Engineering,HubSpot,Premium,7200.0,60,18,2026-05-22,2023-12-12,0
u-00399,Employee 399,Operations,Figma,Premium,2080.0,62,12,2026-05-20,2025-04-10,0
u-00399,Employee 399,Operations,GitHub,Enterprise,4320.0,53,10,2026-05-21,2024-08-21,0
u-00399,Employee 399,Operations,HubSpot,Premium,7200.0,35,15,2026-05-21,2025-04-25,0
u-00400,Employee 400,HR,HubSpot,Standard,4500.0,57,19,2026-05-22,2025-08-19,0
u-00400,Employee 400,HR,GitHub,Standard,1800.0,2,0,2026-04-30,2025-12-21,1
u-00400,Employee 400,HR,Figma,Standard,1300.0,1,0,2026-05-09,2026-03-27,1
u-00401,Employee 401,Design,Slack,Premium,1120.0,31,22,2026-05-20,2025-05-06,0
u-00401,Employee 401,Design,Figma,Standard,1300.0,1,1,2026-04-21,2025-02-10,0
u-00401,Employee 401,Design,Notion,Standard,900.0,21,24,2026-05-21,2024-11-18,0
u-00402,Employee 402,Engineering,Jira,Standard,1500.0,113,22,2026-05-20,2026-03-30,0
u-00402,Employee 402,Engineering,HubSpot,Standard,4500.0,1,0,2026-05-11,2025-03-20,1
u-00402,Employee 402,Engineering,Figma,Premium,2080.0,76,19,2026-05-19,2025-10-05,0
u-00402,Employee 402,Engineering,Slack,Standard,700.0,1,1,2026-04-11,2024-10-09,0
u-00403,Employee 403,Design,Notion,Standard,900.0,50,16,2026-05-22,2024-10-28,0
u-00403,Employee 403,Design,Figma,Standard,1300.0,34,17,2026-05-20,2025-01-13,0
u-00403,Employee 403,Design,Jira,Premium,2400.0,104,19,2026-05-22,2025-05-17,0
u-00403,Employee 403,Design,HubSpot,Premium,7200.0,36,24,2026-05-21,2024-01-26,0
u-00404,Employee 404,Design,Slack,Premium,1120.0,64,24,2026-05-21,2024-07-18,0
u-00404,Employee 404,Design,Zoom,Premium,1920.0,1,0,2026-04-25,2024-12-11,1
u-00405,Employee 405,Design,Notion,Enterprise,2160.0,55,13,2026-05-19,2025-04-15,0
u-00405,Employee 405,Design,HubSpot,Standard,4500.0,95,21,2026-05-19,2025-08-21,0
u-00405,Employee 405,Design,Zoom,Standard,1200.0,22,18,2026-05-20,2026-01-16,0
u-00406,Employee 406,Operations,Zoom,Standard,1200.0,98,20,2026-05-21,2024-10-15,0
u-00407,Employee 407,Legal,Slack,Standard,700.0,71,21,2026-05-19,2025-10-09,0
u-00407,Employee 407,Legal,Salesforce,Standard,12000.0,0,0,,2024-08-06,1
u-00408,Employee 408,Engineering,Slack,Standard,700.0,89,29,2026-05-19,2025-09-15,0
u-00408,Employee 408,Engineering,Jira,Standard,1500.0,0,1,,2025-01-15,0
u-00408,Employee 408,Engineering,Salesforce,Standard,12000.0,1,0,2026-05-07,2024-02-11,1
u-00409,Employee 409,Operations,Zoom,Premium,1920.0,96,11,2026-05-22,2024-04-26,0
u-00410,Employee 410,Sales,Notion,Premium,1440.0,2,0,2026-04-24,2023-12-15,1
u-00410,Employee 410,Sales,HubSpot,Premium,7200.0,79,16,2026-05-20,2024-12-25,0
u-00410,Employee 410,Sales,Salesforce,Standard,12000.0,107,20,2026-05-22,2025-09-07,0
u-00410,Employee 410,Sales,Jira,Standard,1500.0,7,4,2026-05-18,2024-01-26,1
u-00411,Employee 411,Operations,Figma,Premium,2080.0,42,29,2026-05-20,2025-05-14,0
u-00411,Employee 411,Operations,HubSpot,Premium,7200.0,0,0,,2023-12-10,1
u-00411,Employee 411,Operations,Notion,Standard,900.0,2,0,2026-04-23,2024-10-19,1
u-00412,Employee 412,Sales,GitHub,Premium,2880.0,2,0,2026-04-24,2024-04-06,1
u-00412,Employee 412,Sales,HubSpot,Enterprise,10800.0,81,16,2026-05-22,2024-08-22,0
u-00412,Employee 412,Sales,Zoom,Premium,1920.0,81,15,2026-05-20,2026-01-29,0
u-00412,Employee 412,Sales,Notion,Enterprise,2160.0,73,14,2026-05-21,2024-05-31,0
u-00413,Employee 413,Engineering,Jira,Premium,2400.0,66,18,2026-05-19,2024-01-25,0
u-00414,Employee 414,Marketing,HubSpot,Standard,4500.0,69,28,2026-05-22,2026-03-08,0
u-00414,Employee 414,Marketing,Slack,Standard,700.0,24,27,2026-05-20,2025-03-13,0
u-00414,Employee 414,Marketing,Salesforce,Enterprise,28800.0,39,17,2026-05-20,2025-06-01,0
u-00415,Employee 415,Operations,Notion,Standard,900.0,75,28,2026-05-22,2023-12-29,0
u-00415,Employee 415,Operations,Salesforce,Enterprise,28800.0,95,14,2026-05-22,2025-07-13,0
u-00416,Employee 416,HR,Jira,Standard,1500.0,77,21,2026-05-21,2026-04-02,0
u-00416,Employee 416,HR,Figma,Premium,2080.0,2,1,2026-05-07,2024-12-03,1
u-00417,Employee 417,Design,Salesforce,Premium,19200.0,70,27,2026-05-20,2024-03-11,0
u-00418,Employee 418,HR,Salesforce,Standard,12000.0,32,19,2026-05-21,2024-11-12,0
u-00418,Employee 418,HR,Slack,Premium,1120.0,2,1,2026-04-16,2024-06-19,0
u-00419,Employee 419,HR,GitHub,Enterprise,4320.0,2,0,2026-05-02,2026-04-08,1
u-00419,Employee 419,HR,Zoom,Standard,1200.0,27,11,2026-05-22,2024-10-03,0
u-00419,Employee 419,HR,Figma,Standard,1300.0,100,25,2026-05-21,2025-04-13,0
u-00419,Employee 419,HR,Salesforce,Premium,19200.0,46,25,2026-05-21,2025-05-14,0
u-00420,Employee 420,Marketing,Zoom,Enterprise,2880.0,119,21,2026-05-20,2025-02-18,0
u-00421,Employee 421,Design,Slack,Standard,700.0,80,16,2026-05-22,2025-06-30,0
u-00421,Employee 421,Design,HubSpot,Premium,7200.0,2,1,2026-05-05,2025-02-02,1
u-00421,Employee 421,Design,Notion,Premium,1440.0,79,20,2026-05-20,2025-03-16,0
u-00422,Employee 422,Sales,Slack,Enterprise,1680.0,1,0,2026-04-08,2024-11-03,0
u-00422,Employee 422,Sales,Notion,Standard,900.0,118,28,2026-05-22,2024-12-22,0
u-00423,Employee 423,Finance,Figma,Premium,2080.0,78,12,2026-05-20,2025-04-18,0
u-00423,Employee 423,Finance,Jira,Standard,1500.0,78,22,2026-05-19,2025-12-10,0
u-00423,Employee 423,Finance,HubSpot,Premium,7200.0,2,0,2026-04-24,2025-01-15,1
u-00424,Employee 424,Operations,Zoom,Standard,1200.0,27,13,2026-05-21,2024-08-25,0
u-00424,Employee 424,Operations,HubSpot,Standard,4500.0,1,1,2026-05-01,2025-05-28,1
u-00424,Employee 424,Operations,Figma,Standard,1300.0,2,0,2026-05-06,2025-02-08,1
u-00424,Employee 424,Operations,Notion,Standard,900.0,74,14,2026-05-19,2025-08-07,0
u-00425,Employee 425,Engineering,Salesforce,Premium,19200.0,99,19,2026-05-20,2025-05-20,0
u-00425,Employee 425,Engineering,Slack,Standard,700.0,111,16,2026-05-19,2024-03-13,0
u-00425,Employee 425,Engineering,Figma,Premium,2080.0,89,20,2026-05-19,2024-06-16,0
u-00426,Employee 426,Sales,Slack,Premium,1120.0,97,22,2026-05-19,2024-02-17,0
u-00426,Employee 426,Sales,Zoom,Standard,1200.0,20,22,2026-05-22,2026-02-07,0
u-00426,Employee 426,Sales,Jira,Enterprise,3600.0,0,0,,2025-03-06,1
u-00427,Employee 427,Design,HubSpot,Standard,4500.0,100,24,2026-05-22,2024-01-11,0
u-00427,Employee 427,Design,GitHub,Standard,1800.0,6,4,2026-05-14,2023-12-21,1
u-00428,Employee 428,Legal,Figma,Premium,2080.0,116,12,2026-05-20,2025-11-08,0
u-00429,Employee 429,HR,Jira,Premium,2400.0,23,17,2026-05-22,2024-05-03,0
u-00429,Employee 429,HR,Figma,Standard,1300.0,0,0,,2026-01-18,1
u-00430,Employee 430,Engineering,Notion,Premium,1440.0,27,25,2026-05-20,2024-04-26,0
u-00431,Employee 431,Design,Slack,Standard,700.0,47,13,2026-05-21,2024-06-10,0
u-00431,Employee 431,Design,Zoom,Premium,1920.0,87,15,2026-05-19,2024-01-20,0
u-00431,Employee 431,Design,Notion,Standard,900.0,41,12,2026-05-22,2024-11-22,0
u-00432,Employee 432,Legal,GitHub,Standard,1800.0,1,0,2026-05-04,2025-03-13,1
u-00433,Employee 433,Sales,Jira,Standard,1500.0,2,1,2026-05-10,2025-08-30,1
u-00434,Employee 434,Design,Salesforce,Standard,12000.0,4,4,2026-05-10,2025-07-06,1
u-00434,Employee 434,Design,HubSpot,Standard,4500.0,15,15,2026-05-21,2026-01-12,0
u-00435,Employee 435,Finance,GitHub,Standard,1800.0,80,24,2026-05-21,2023-12-20,0
u-00436,Employee 436,Finance,Zoom,Enterprise,2880.0,103,12,2026-05-22,2024-10-01,0
u-00436,Employee 436,Finance,Figma,Standard,1300.0,1,1,2026-05-01,2026-02-12,1
u-00436,Employee 436,Finance,HubSpot,Standard,4500.0,1,1,2026-05-01,2026-01-14,1
u-00437,Employee 437,HR,Notion,Standard,900.0,1,0,2026-05-02,2025-05-02,1
u-00437,Employee 437,HR,Salesforce,Enterprise,28800.0,116,28,2026-05-20,2023-12-17,0
u-00438,Employee 438,Sales,HubSpot,Standard,4500.0,47,17,2026-05-19,2024-05-05,0
u-00439,Employee 439,Design,Zoom,Premium,1920.0,3,0,2026-04-24,2024-08-25,0
u-00439,Employee 439,Design,Slack,Standard,700.0,89,22,2026-05-21,2024-04-06,0
u-00440,Employee 440,Design,Jira,Premium,2400.0,52,11,2026-05-19,2024-11-05,0
u-00441,Employee 441,Operations,Slack,Premium,1120.0,59,13,2026-05-22,2026-02-27,0
u-00441,Employee 441,Operations,Jira,Standard,1500.0,67,16,2026-05-22,2025-01-09,0
u-00441,Employee 441,Operations,Notion,Standard,900.0,0,1,,2023-12-07,0
u-00442,Employee 442,Sales,Figma,Premium,2080.0,0,0,,2024-10-25,1
u-00443,Employee 443,Sales,HubSpot,Standard,4500.0,52,25,2026-05-22,2024-12-01,0
u-00443,Employee 443,Sales,Salesforce,Premium,19200.0,73,28,2026-05-20,2024-04-17,0
u-00443,Employee 443,Sales,Zoom,Standard,1200.0,73,20,2026-05-19,2026-04-04,0
u-00444,Employee 444,Design,Figma,Standard,1300.0,19,15,2026-05-19,2024-10-12,0
u-00444,Employee 444,Design,Notion,Premium,1440.0,0,0,,2025-09-30,1
u-00444,Employee 444,Design,HubSpot,Enterprise,10800.0,45,21,2026-05-22,2024-06-23,0
u-00445,Employee 445,Design,GitHub,Premium,2880.0,93,29,2026-05-22,2026-03-21,0
u-00445,Employee 445,Design,Salesforce,Standard,12000.0,2,0,2026-04-25,2024-10-14,1
u-00445,Employee 445,Design,Jira,Standard,1500.0,1,0,2026-05-08,2024-04-23,1
u-00446,Employee 446,Sales,Notion,Standard,900.0,17,17,2026-05-21,2024-12-01,0
u-00446,Employee 446,Sales,Slack,Enterprise,1680.0,0,0,,2024-10-26,0
u-00447,Employee 447,Legal,Notion,Premium,1440.0,92,10,2026-05-20,2024-11-20,0
u-00447,Employee 447,Legal,Salesforce,Standard,12000.0,36,13,2026-05-19,2024-10-28,0
u-00448,Employee 448,Design,Slack,Premium,1120.0,95,16,2026-05-21,2025-12-07,0
u-00449,Employee 449,Finance,Figma,Enterprise,3120.0,7,2,2026-05-16,2026-01-08,1
u-00449,Employee 449,Finance,GitHub,Premium,2880.0,87,15,2026-05-22,2025-07-02,0
u-00450,Employee 450,Design,Slack,Standard,700.0,96,26,2026-05-21,2024-07-09,0
u-00450,Employee 450,Design,Jira,Standard,1500.0,1,0,2026-04-24,2025-12-31,1
u-00451,Employee 451,HR,Notion,Premium,1440.0,52,19,2026-05-20,2025-11-24,0
u-00451,Employee 451,HR,Slack,Enterprise,1680.0,16,17,2026-05-21,2026-01-05,0
u-00451,Employee 451,HR,Zoom,Enterprise,2880.0,2,1,2026-05-09,2024-10-17,1
u-00452,Employee 452,Marketing,Slack,Premium,1120.0,103,14,2026-05-19,2024-06-21,0
u-00452,Employee 452,Marketing,GitHub,Premium,2880.0,23,19,2026-05-19,2025-10-09,0
u-00453,Employee 453,Engineering,Jira,Premium,2400.0,16,25,2026-05-19,2025-06-15,0
u-00453,Employee 453,Engineering,Figma,Enterprise,3120.0,36,10,2026-05-19,2025-11-19,0
u-00453,Employee 453,Engineering,Zoom,Enterprise,2880.0,82,10,2026-05-21,2025-12-10,0
u-00453,Employee 453,Engineering,Notion,Premium,1440.0,62,13,2026-05-19,2025-11-20,0
u-00454,Employee 454,Marketing,Jira,Premium,2400.0,16,17,2026-05-20,2024-10-24,0
u-00454,Employee 454,Marketing,Salesforce,Standard,12000.0,35,22,2026-05-19,2024-04-15,0
u-00454,Employee 454,Marketing,Slack,Standard,700.0,75,22,2026-05-20,2025-08-11,0
u-00455,Employee 455,HR,Jira,Standard,1500.0,2,1,2026-04-28,2026-04-10,1
u-00455,Employee 455,HR,Slack,Standard,700.0,84,12,2026-05-20,2024-07-27,0
u-00455,Employee 455,HR,GitHub,Standard,1800.0,75,12,2026-05-20,2025-02-11,0
u-00456,Employee 456,Marketing,Slack,Standard,700.0,49,20,2026-05-20,2024-02-16,0
u-00456,Employee 456,Marketing,HubSpot,Standard,4500.0,112,12,2026-05-20,2025-09-26,0
u-00457,Employee 457,Legal,HubSpot,Standard,4500.0,77,28,2026-05-21,2025-11-30,0
u-00457,Employee 457,Legal,Figma,Standard,1300.0,0,0,,2024-08-27,1
u-00458,Employee 458,Legal,Notion,Premium,1440.0,67,18,2026-05-21,2024-07-12,0
u-00458,Employee 458,Legal,Figma,Standard,1300.0,80,23,2026-05-22,2024-10-19,0
u-00458,Employee 458,Legal,HubSpot,Standard,4500.0,105,16,2026-05-22,2024-11-23,0
u-00459,Employee 459,Operations,Zoom,Enterprise,2880.0,51,25,2026-05-21,2025-07-16,0
u-00459,Employee 459,Operations,Jira,Enterprise,3600.0,71,23,2026-05-19,2025-08-24,0
u-00460,Employee 460,Engineering,HubSpot,Premium,7200.0,1,0,2026-04-28,2024-09-21,1
u-00460,Employee 460,Engineering,Jira,Standard,1500.0,1,1,2026-04-11,2025-11-27,0
u-00461,Employee 461,HR,GitHub,Enterprise,4320.0,2,0,2026-05-05,2024-09-11,1
u-00461,Employee 461,HR,HubSpot,Premium,7200.0,16,27,2026-05-20,2024-09-22,0
u-00462,Employee 462,Sales,Notion,Premium,1440.0,1,1,2026-05-05,2025-04-07,1
u-00463,Employee 463,Engineering,GitHub,Standard,1800.0,109,25,2026-05-21,2026-03-10,0
u-00463,Employee 463,Engineering,Jira,Standard,1500.0,39,10,2026-05-21,2026-02-27,0
u-00463,Employee 463,Engineering,Figma,Premium,2080.0,23,12,2026-05-20,2024-10-01,0
u-00463,Employee 463,Engineering,Salesforce,Premium,19200.0,62,26,2026-05-19,2024-10-29,0
u-00464,Employee 464,Sales,Notion,Premium,1440.0,1,0,2026-04-26,2026-03-10,1
u-00465,Employee 465,HR,Slack,Standard,700.0,98,25,2026-05-20,2024-10-06,0
u-00465,Employee 465,HR,Notion,Standard,900.0,33,27,2026-05-20,2024-01-30,0
u-00466,Employee 466,Engineering,Figma,Standard,1300.0,1,1,2026-03-31,2024-12-09,0
u-00467,Employee 467,Legal,Salesforce,Premium,19200.0,0,0,,2025-01-01,1
u-00467,Employee 467,Legal,Jira,Premium,2400.0,79,18,2026-05-22,2024-10-29,0
u-00468,Employee 468,Finance,Notion,Standard,900.0,115,28,2026-05-20,2026-02-13,0
u-00468,Employee 468,Finance,GitHub,Standard,1800.0,93,18,2026-05-22,2024-06-03,0
u-00468,Employee 468,Finance,Jira,Standard,1500.0,89,23,2026-05-21,2025-12-20,0
u-00469,Employee 469,Marketing,Salesforce,Standard,12000.0,38,20,2026-05-21,2024-07-03,0
u-00469,Employee 469,Marketing,Jira,Standard,1500.0,16,11,2026-05-20,2026-02-09,0
u-00470,Employee 470,Engineering,Notion,Standard,900.0,59,27,2026-05-21,2024-07-06,0
u-00470,Employee 470,Engineering,HubSpot,Premium,7200.0,0,0,,2026-04-10,1
u-00471,Employee 471,Engineering,Zoom,Premium,1920.0,61,11,2026-05-21,2025-02-01,0
u-00471,Employee 471,Engineering,Salesforce,Standard,12000.0,82,29,2026-05-21,2025-04-10,0
u-00471,Employee 471,Engineering,Slack,Standard,700.0,46,17,2026-05-19,2024-06-21,0
u-00472,Employee 472,Legal,HubSpot,Enterprise,10800.0,102,20,2026-05-22,2026-01-25,0
u-00472,Employee 472,Legal,GitHub,Standard,1800.0,100,15,2026-05-21,2026-02-19,0
u-00472,Employee 472,Legal,Figma,Standard,1300.0,3,0,2026-03-24,2024-06-02,0
u-00473,Employee 473,Marketing,Notion,Standard,900.0,19,15,2026-05-21,2025-11-23,0
u-00473,Employee 473,Marketing,Zoom,Standard,1200.0,2,1,2026-04-03,2025-03-24,0
u-00473,Employee 473,Marketing,Figma,Standard,1300.0,3,0,2026-04-26,2024-10-11,0
u-00474,Employee 474,Design,Figma,Standard,1300.0,55,17,2026-05-22,2025-02-05,0
u-00474,Employee 474,Design,HubSpot,Standard,4500.0,0,0,,2026-01-18,1
u-00475,Employee 475,Operations,Salesforce,Standard,12000.0,2,0,2026-04-24,2025-12-31,1
u-00476,Employee 476,Operations,Slack,Standard,700.0,115,17,2026-05-21,2025-02-01,0
u-00476,Employee 476,Operations,Zoom,Premium,1920.0,118,19,2026-05-22,2025-04-29,0
u-00477,Employee 477,Engineering,Figma,Standard,1300.0,3,0,2026-04-01,2024-03-19,0
u-00477,Employee 477,Engineering,Zoom,Premium,1920.0,107,27,2026-05-21,2025-01-24,0
u-00477,Employee 477,Engineering,HubSpot,Standard,4500.0,1,0,2026-03-29,2024-09-18,0
u-00477,Employee 477,Engineering,GitHub,Standard,1800.0,110,18,2026-05-22,2024-05-11,0
u-00478,Employee 478,Marketing,Notion,Premium,1440.0,51,29,2026-05-21,2024-08-01,0
u-00479,Employee 479,Engineering,Zoom,Enterprise,2880.0,116,28,2026-05-20,2025-04-26,0
u-00480,Employee 480,Operations,GitHub,Standard,1800.0,1,0,2026-03-25,2025-01-17,0
u-00480,Employee 480,Operations,Notion,Standard,900.0,29,19,2026-05-19,2025-10-23,0
u-00481,Employee 481,Design,Zoom,Premium,1920.0,81,28,2026-05-22,2024-06-18,0
u-00481,Employee 481,Design,GitHub,Standard,1800.0,116,22,2026-05-21,2024-09-30,0
u-00482,Employee 482,Engineering,GitHub,Premium,2880.0,0,1,,2024-02-13,0
u-00482,Employee 482,Engineering,HubSpot,Premium,7200.0,16,11,2026-05-19,2025-10-17,0
u-00483,Employee 483,Design,Notion,Standard,900.0,102,21,2026-05-21,2025-05-21,0
u-00483,Employee 483,Design,Figma,Standard,1300.0,42,20,2026-05-22,2025-07-02,0
u-00484,Employee 484,Marketing,Slack,Enterprise,1680.0,61,29,2026-05-19,2024-05-30,0
u-00485,Employee 485,Design,Notion,Premium,1440.0,27,19,2026-05-21,2025-03-08,0
u-00485,Employee 485,Design,Salesforce,Premium,19200.0,1,0,2026-04-24,2024-12-23,1
u-00486,Employee 486,Operations,GitHub,Enterprise,4320.0,2,0,2026-04-29,2024-01-24,1
u-00487,Employee 487,Marketing,Jira,Standard,1500.0,2,0,2026-03-31,2023-12-31,0
u-00487,Employee 487,Marketing,Zoom,Standard,1200.0,73,10,2026-05-19,2024-08-11,0
u-00488,Employee 488,Legal,Jira,Standard,1500.0,67,13,2026-05-19,2024-12-01,0
u-00488,Employee 488,Legal,Slack,Standard,700.0,1,0,2026-04-27,2025-06-14,1
u-00489,Employee 489,Marketing,Zoom,Premium,1920.0,112,14,2026-05-22,2026-01-06,0
u-00489,Employee 489,Marketing,Salesforce,Premium,19200.0,108,18,2026-05-20,2024-05-28,0
u-00490,Employee 490,HR,Slack,Standard,700.0,1,1,2026-04-30,2024-04-04,1
u-00490,Employee 490,HR,GitHub,Premium,2880.0,0,0,,2026-03-13,1
u-00490,Employee 490,HR,Figma,Premium,2080.0,1,1,2026-05-12,2024-10-15,1
u-00490,Employee 490,HR,Notion,Standard,900.0,68,26,2026-05-21,2024-01-14,0
u-00491,Employee 491,Sales,Notion,Premium,1440.0,56,11,2026-05-22,2024-01-19,0
u-00491,Employee 491,Sales,Figma,Premium,2080.0,1,1,2026-05-06,2025-04-07,1
u-00492,Employee 492,Marketing,Figma,Standard,1300.0,3,1,2026-04-30,2025-08-09,0
u-00492,Employee 492,Marketing,Slack,Standard,700.0,36,17,2026-05-22,2024-11-07,0
u-00493,Employee 493,Marketing,Zoom,Standard,1200.0,25,24,2026-05-20,2025-08-06,0
u-00494,Employee 494,Marketing,HubSpot,Enterprise,10800.0,83,29,2026-05-21,2025-10-21,0
u-00495,Employee 495,Sales,Figma,Enterprise,3120.0,87,24,2026-05-22,2025-06-06,0
u-00495,Employee 495,Sales,Zoom,Premium,1920.0,90,26,2026-05-21,2024-11-10,0
u-00496,Employee 496,Finance,HubSpot,Standard,4500.0,1,0,2026-04-24,2026-02-26,1
u-00496,Employee 496,Finance,GitHub,Standard,1800.0,44,26,2026-05-19,2023-12-11,0
u-00496,Employee 496,Finance,Zoom,Standard,1200.0,68,19,2026-05-21,2023-12-19,0
u-00497,Employee 497,Legal,Jira,Enterprise,3600.0,0,0,,2025-12-05,1
u-00498,Employee 498,Finance,GitHub,Standard,1800.0,3,1,2026-04-01,2025-03-17,0
u-00498,Employee 498,Finance,Figma,Standard,1300.0,22,27,2026-05-19,2024-11-02,0
u-00499,Employee 499,Legal,Jira,Premium,2400.0,17,11,2026-05-20,2025-05-31,0
u-00499,Employee 499,Legal,Zoom,Premium,1920.0,112,28,2026-05-20,2024-11-07,0
u-00500,Employee 500,Legal,HubSpot,Standard,4500.0,1,1,2026-05-12,2025-11-07,1
u-00500,Employee 500,Legal,Figma,Premium,2080.0,73,12,2026-05-20,2024-11-11,0
u-00500,Employee 500,Legal,Zoom,Standard,1200.0,119,24,2026-05-22,2025-10-16,0
u-00501,Employee 501,Design,Figma,Standard,1300.0,118,19,2026-05-20,2023-12-09,0
u-00501,Employee 501,Design,Slack,Standard,700.0,95,11,2026-05-22,2025-09-12,0
u-00501,Employee 501,Design,HubSpot,Premium,7200.0,107,18,2026-05-22,2025-05-31,0
u-00502,Employee 502,Marketing,GitHub,Standard,1800.0,73,19,2026-05-20,2024-02-08,0
u-00503,Employee 503,Sales,HubSpot,Enterprise,10800.0,111,27,2026-05-19,2025-12-26,0
u-00503,Employee 503,Sales,Figma,Enterprise,3120.0,0,0,,2024-03-23,1
u-00504,Employee 504,Operations,Slack,Enterprise,1680.0,95,24,2026-05-21,2023-12-31,0
u-00505,Employee 505,Engineering,GitHub,Enterprise,4320.0,72,17,2026-05-21,2026-04-09,0
u-00506,Employee 506,Engineering,Zoom,Standard,1200.0,113,15,2026-05-22,2024-08-18,0
u-00506,Employee 506,Engineering,HubSpot,Standard,4500.0,109,27,2026-05-22,2025-02-11,0
u-00507,Employee 507,Legal,Zoom,Enterprise,2880.0,118,19,2026-05-20,2026-04-09,0
u-00507,Employee 507,Legal,Figma,Enterprise,3120.0,1,1,2026-05-07,2026-04-09,1
u-00508,Employee 508,Design,Slack,Standard,700.0,63,11,2026-05-22,2024-05-08,0
u-00509,Employee 509,Finance,HubSpot,Standard,4500.0,89,27,2026-05-19,2026-04-19,0
u-00509,Employee 509,Finance,Zoom,Standard,1200.0,62,15,2026-05-21,2024-06-26,0
u-00509,Employee 509,Finance,Salesforce,Premium,19200.0,5,2,2026-05-09,2024-10-05,1
u-00509,Employee 509,Finance,Jira,Enterprise,3600.0,52,14,2026-05-22,2025-06-22,0
u-00510,Employee 510,Sales,Figma,Enterprise,3120.0,106,26,2026-05-19,2025-11-09,0
u-00511,Employee 511,Operations,Jira,Standard,1500.0,90,22,2026-05-22,2024-09-15,0
u-00511,Employee 511,Operations,HubSpot,Standard,4500.0,54,18,2026-05-20,2025-09-25,0
u-00511,Employee 511,Operations,Salesforce,Standard,12000.0,0,0,,2026-01-19,1
u-00511,Employee 511,Operations,Zoom,Standard,1200.0,96,17,2026-05-20,2026-01-09,0
u-00512,Employee 512,Finance,Salesforce,Enterprise,28800.0,4,4,2026-05-08,2025-12-03,1
u-00512,Employee 512,Finance,Zoom,Standard,1200.0,39,18,2026-05-22,2025-07-14,0
u-00512,Employee 512,Finance,HubSpot,Standard,4500.0,76,26,2026-05-22,2025-01-02,0
u-00512,Employee 512,Finance,Figma,Standard,1300.0,2,1,2026-05-03,2024-11-08,1
u-00513,Employee 513,Marketing,Zoom,Enterprise,2880.0,97,23,2026-05-19,2024-05-31,0
u-00513,Employee 513,Marketing,Salesforce,Standard,12000.0,50,13,2026-05-19,2024-07-29,0
u-00514,Employee 514,HR,HubSpot,Enterprise,10800.0,18,21,2026-05-20,2024-03-26,0
u-00515,Employee 515,Marketing,HubSpot,Premium,7200.0,96,21,2026-05-21,2024-06-29,0
u-00515,Employee 515,Marketing,Jira,Standard,1500.0,105,18,2026-05-19,2024-02-11,0
u-00515,Employee 515,Marketing,GitHub,Premium,2880.0,52,13,2026-05-20,2025-07-28,0
u-00516,Employee 516,Sales,Slack,Enterprise,1680.0,22,29,2026-05-22,2024-06-18,0
u-00516,Employee 516,Sales,Salesforce,Premium,19200.0,107,15,2026-05-20,2025-04-26,0
u-00517,Employee 517,HR,Jira,Standard,1500.0,2,1,2026-04-27,2024-06-17,1
u-00517,Employee 517,HR,Figma,Standard,1300.0,0,0,,2024-11-26,1
u-00517,Employee 517,HR,Slack,Standard,700.0,92,26,2026-05-19,2025-11-12,0
u-00517,Employee 517,HR,GitHub,Standard,1800.0,1,0,2026-05-06,2024-03-02,1
u-00518,Employee 518,Design,Slack,Standard,700.0,2,0,2026-04-13,2025-05-13,0
u-00519,Employee 519,HR,Jira,Premium,2400.0,2,1,2026-04-30,2025-01-16,1
u-00519,Employee 519,HR,Zoom,Premium,1920.0,39,13,2026-05-22,2025-09-01,0
u-00519,Employee 519,HR,Salesforce,Standard,12000.0,73,21,2026-05-20,2025-08-06,0
u-00520,Employee 520,Sales,Jira,Standard,1500.0,2,1,2026-04-23,2024-03-02,1
u-00520,Employee 520,Sales,HubSpot,Standard,4500.0,2,1,2026-05-09,2025-01-30,1
u-00521,Employee 521,Legal,Slack,Standard,700.0,85,17,2026-05-20,2026-04-15,0
u-00521,Employee 521,Legal,Salesforce,Standard,12000.0,1,1,2026-04-25,2026-03-07,1
u-00522,Employee 522,Legal,Salesforce,Premium,19200.0,0,0,,2026-02-19,1
u-00523,Employee 523,Finance,Zoom,Standard,1200.0,35,22,2026-05-21,2025-07-24,0
u-00523,Employee 523,Finance,HubSpot,Standard,4500.0,1,1,2026-05-07,2026-02-23,1
u-00523,Employee 523,Finance,Jira,Premium,2400.0,43,21,2026-05-19,2025-02-13,0
u-00523,Employee 523,Finance,Salesforce,Standard,12000.0,0,0,,2024-04-15,1
u-00524,Employee 524,Operations,Jira,Standard,1500.0,80,11,2026-05-22,2024-10-19,0
u-00525,Employee 525,Design,Zoom,Standard,1200.0,40,26,2026-05-20,2025-05-02,0
u-00525,Employee 525,Design,Notion,Standard,900.0,2,0,2026-04-29,2023-12-21,1
u-00526,Employee 526,Engineering,Notion,Standard,900.0,87,29,2026-05-19,2024-02-29,0
u-00526,Employee 526,Engineering,Salesforce,Premium,19200.0,0,0,,2025-07-11,1
u-00526,Employee 526,Engineering,GitHub,Enterprise,4320.0,19,17,2026-05-19,2024-12-08,0
u-00527,Employee 527,Sales,Figma,Standard,1300.0,2,1,2026-04-17,2024-02-23,0
u-00527,Employee 527,Sales,HubSpot,Premium,7200.0,81,15,2026-05-21,2026-03-13,0
u-00527,Employee 527,Sales,Jira,Standard,1500.0,79,14,2026-05-20,2025-02-07,0
u-00527,Employee 527,Sales,Salesforce,Premium,19200.0,96,20,2026-05-22,2024-06-27,0
u-00528,Employee 528,Design,Notion,Premium,1440.0,68,24,2026-05-20,2025-04-09,0
u-00529,Employee 529,HR,Salesforce,Premium,19200.0,94,18,2026-05-21,2023-12-06,0
u-00530,Employee 530,Operations,Slack,Standard,700.0,90,15,2026-05-21,2025-08-10,0
u-00530,Employee 530,Operations,Zoom,Standard,1200.0,20,21,2026-05-22,2025-05-10,0
u-00531,Employee 531,Finance,Slack,Premium,1120.0,38,15,2026-05-21,2025-12-12,0
u-00531,Employee 531,Finance,Figma,Standard,1300.0,104,27,2026-05-20,2025-09-21,0
u-00532,Employee 532,Operations,Zoom,Standard,1200.0,1,1,2026-04-01,2024-03-22,0
u-00532,Employee 532,Operations,Salesforce,Standard,12000.0,2,0,2026-05-12,2025-03-18,1
u-00533,Employee 533,Operations,Notion,Enterprise,2160.0,70,14,2026-05-19,2024-05-06,0
u-00533,Employee 533,Operations,Figma,Standard,1300.0,51,14,2026-05-22,2025-02-07,0
u-00534,Employee 534,Marketing,HubSpot,Enterprise,10800.0,88,26,2026-05-19,2025-09-06,0
u-00534,Employee 534,Marketing,Notion,Standard,900.0,1,1,2026-04-16,2024-07-07,0
u-00535,Employee 535,Legal,Zoom,Standard,1200.0,55,23,2026-05-22,2024-05-12,0
u-00535,Employee 535,Legal,Figma,Premium,2080.0,77,11,2026-05-22,2025-12-05,0
u-00536,Employee 536,Marketing,Slack,Premium,1120.0,25,20,2026-05-20,2025-12-01,0
u-00536,Employee 536,Marketing,Notion,Enterprise,2160.0,115,19,2026-05-22,2024-03-11,0
u-00537,Employee 537,Legal,Salesforce,Premium,19200.0,2,1,2026-04-28,2024-01-25,1
u-00537,Employee 537,Legal,Zoom,Standard,1200.0,23,16,2026-05-22,2025-02-07,0
u-00538,Employee 538,Finance,Salesforce,Enterprise,28800.0,63,17,2026-05-20,2024-12-04,0
u-00539,Employee 539,Finance,Salesforce,Standard,12000.0,66,19,2026-05-21,2025-03-26,0
u-00540,Employee 540,Operations,GitHub,Enterprise,4320.0,101,14,2026-05-21,2025-04-19,0
u-00541,Employee 541,Design,HubSpot,Premium,7200.0,0,0,,2026-04-18,1
u-00541,Employee 541,Design,Zoom,Standard,1200.0,96,11,2026-05-22,2024-11-07,0
u-00542,Employee 542,Sales,Jira,Standard,1500.0,113,21,2026-05-22,2024-05-30,0
u-00542,Employee 542,Sales,Zoom,Premium,1920.0,80,19,2026-05-21,2023-12-23,0
u-00543,Employee 543,Operations,Salesforce,Enterprise,28800.0,100,16,2026-05-21,2024-06-25,0
u-00544,Employee 544,Operations,GitHub,Standard,1800.0,2,0,2026-05-10,2024-10-03,1
u-00545,Employee 545,Engineering,Notion,Standard,900.0,78,21,2026-05-21,2025-06-04,0
u-00546,Employee 546,Design,Figma,Standard,1300.0,37,11,2026-05-20,2025-01-12,0
u-00547,Employee 547,Legal,Figma,Standard,1300.0,0,0,,2023-12-16,1
u-00547,Employee 547,Legal,Zoom,Standard,1200.0,30,13,2026-05-22,2024-09-08,0
u-00547,Employee 547,Legal,Slack,Enterprise,1680.0,58,14,2026-05-19,2025-10-11,0
u-00548,Employee 548,Legal,HubSpot,Standard,4500.0,2,0,2026-05-10,2025-08-16,1
u-00548,Employee 548,Legal,Zoom,Enterprise,2880.0,93,27,2026-05-21,2024-07-07,0
u-00549,Employee 549,HR,Slack,Standard,700.0,99,16,2026-05-20,2024-05-04,0
u-00549,Employee 549,HR,Notion,Standard,900.0,2,0,2026-05-06,2024-07-17,1
u-00549,Employee 549,HR,Jira,Premium,2400.0,82,12,2026-05-20,2024-11-27,0
u-00549,Employee 549,HR,Salesforce,Standard,12000.0,48,28,2026-05-21,2024-01-04,0
u-00550,Employee 550,Design,Zoom,Standard,1200.0,32,26,2026-05-22,2024-04-18,0
u-00551,Employee 551,HR,Notion,Standard,900.0,1,0,2026-04-28,2025-10-27,1
u-00551,Employee 551,HR,Salesforce,Standard,12000.0,1,1,2026-03-27,2024-02-11,0
u-00551,Employee 551,HR,Figma,Premium,2080.0,64,11,2026-05-19,2024-03-30,0
u-00552,Employee 552,Operations,GitHub,Standard,1800.0,105,18,2026-05-21,2024-03-12,0
u-00552,Employee 552,Operations,Zoom,Standard,1200.0,1,1,2026-04-07,2026-04-10,0
u-00553,Employee 553,Legal,Figma,Standard,1300.0,95,11,2026-05-22,2025-11-23,0
u-00554,Employee 554,Marketing,HubSpot,Standard,4500.0,0,1,,2025-10-15,0
u-00554,Employee 554,Marketing,Zoom,Standard,1200.0,54,26,2026-05-21,2024-10-06,0
u-00555,Employee 555,Legal,Salesforce,Standard,12000.0,60,16,2026-05-21,2024-02-06,0
u-00555,Employee 555,Legal,Notion,Premium,1440.0,2,1,2026-04-23,2025-07-25,1
u-00556,Employee 556,Operations,Figma,Standard,1300.0,86,29,2026-05-20,2025-12-16,0
u-00556,Employee 556,Operations,Zoom,Standard,1200.0,70,15,2026-05-19,2024-10-02,0
u-00557,Employee 557,Sales,Slack,Premium,1120.0,118,26,2026-05-19,2025-12-03,0
u-00558,Employee 558,Design,Notion,Premium,1440.0,3,0,2026-04-23,2025-09-02,0
u-00558,Employee 558,Design,GitHub,Enterprise,4320.0,49,12,2026-05-22,2025-10-12,0
u-00559,Employee 559,Marketing,Salesforce,Premium,19200.0,36,28,2026-05-22,2026-04-19,0
u-00559,Employee 559,Marketing,Slack,Standard,700.0,99,29,2026-05-22,2023-12-21,0
u-00560,Employee 560,Legal,Salesforce,Premium,19200.0,75,29,2026-05-21,2024-12-03,0
u-00561,Employee 561,Marketing,Slack,Standard,700.0,71,17,2026-05-19,2024-12-03,0
u-00561,Employee 561,Marketing,HubSpot,Standard,4500.0,109,12,2026-05-20,2024-02-26,0
u-00562,Employee 562,Operations,Notion,Standard,900.0,23,27,2026-05-19,2026-02-05,0
u-00562,Employee 562,Operations,Jira,Premium,2400.0,2,1,2026-04-22,2026-01-06,0
u-00563,Employee 563,Sales,Zoom,Standard,1200.0,89,11,2026-05-19,2024-09-17,0
u-00563,Employee 563,Sales,Notion,Standard,900.0,2,0,2026-03-24,2025-12-17,0
u-00563,Employee 563,Sales,Jira,Standard,1500.0,102,19,2026-05-22,2024-04-05,0
u-00564,Employee 564,Operations,Notion,Enterprise,2160.0,27,29,2026-05-20,2024-10-04,0
u-00565,Employee 565,Legal,Slack,Standard,700.0,70,23,2026-05-22,2025-06-08,0
u-00566,Employee 566,Marketing,Notion,Standard,900.0,2,0,2026-04-23,2026-01-28,0
u-00566,Employee 566,Marketing,Jira,Standard,1500.0,56,12,2026-05-19,2026-04-09,0
u-00567,Employee 567,Operations,GitHub,Premium,2880.0,0,1,,2024-06-15,0
u-00567,Employee 567,Operations,Slack,Premium,1120.0,106,20,2026-05-20,2024-01-25,0
u-00567,Employee 567,Operations,Salesforce,Premium,19200.0,49,11,2026-05-22,2024-04-20,0
u-00568,Employee 568,Sales,Zoom,Standard,1200.0,100,17,2026-05-22,2024-08-07,0
u-00569,Employee 569,Legal,Figma,Standard,1300.0,15,15,2026-05-21,2026-01-13,0
u-00570,Employee 570,Engineering,GitHub,Premium,2880.0,25,10,2026-05-21,2024-11-06,0
u-00570,Employee 570,Engineering,Figma,Enterprise,3120.0,51,27,2026-05-21,2023-12-09,0
u-00570,Employee 570,Engineering,Zoom,Premium,1920.0,111,18,2026-05-20,2025-08-07,0
u-00571,Employee 571,Legal,Jira,Standard,1500.0,71,10,2026-05-19,2025-03-16,0
u-00572,Employee 572,HR,HubSpot,Premium,7200.0,116,22,2026-05-20,2024-06-23,0
u-00572,Employee 572,HR,Slack,Enterprise,1680.0,87,23,2026-05-20,2025-03-14,0
u-00573,Employee 573,Engineering,Zoom,Premium,1920.0,0,0,,2025-04-01,1
u-00573,Employee 573,Engineering,Figma,Enterprise,3120.0,54,24,2026-05-20,2025-09-11,0
u-00573,Employee 573,Engineering,Salesforce,Premium,19200.0,0,0,,2024-07-06,1
u-00574,Employee 574,Legal,Zoom,Standard,1200.0,116,21,2026-05-20,2026-04-16,0
u-00574,Employee 574,Legal,Notion,Standard,900.0,2,1,2026-04-19,2024-11-13,0
u-00575,Employee 575,Legal,Slack,Enterprise,1680.0,105,10,2026-05-21,2025-10-14,0
u-00575,Employee 575,Legal,Figma,Standard,1300.0,2,1,2026-04-27,2024-08-09,1
u-00575,Employee 575,Legal,Notion,Standard,900.0,1,1,2026-05-05,2025-05-13,1
u-00576,Employee 576,Operations,Notion,Premium,1440.0,93,29,2026-05-21,2024-10-12,0
u-00576,Employee 576,Operations,HubSpot,Premium,7200.0,0,0,,2024-07-26,1
u-00577,Employee 577,Engineering,GitHub,Standard,1800.0,99,16,2026-05-19,2026-02-13,0
u-00578,Employee 578,HR,Zoom,Premium,1920.0,18,11,2026-05-22,2024-07-12,0
u-00578,Employee 578,HR,Notion,Premium,1440.0,30,24,2026-05-20,2025-07-27,0
u-00579,Employee 579,Marketing,Notion,Standard,900.0,45,21,2026-05-22,2025-05-16,0
u-00580,Employee 580,Finance,Slack,Standard,700.0,103,25,2026-05-20,2024-01-11,0
u-00580,Employee 580,Finance,HubSpot,Standard,4500.0,2,1,2026-05-07,2024-01-15,1
u-00580,Employee 580,Finance,Figma,Standard,1300.0,100,25,2026-05-20,2025-05-19,0
u-00580,Employee 580,Finance,Notion,Enterprise,2160.0,3,1,2026-03-30,2024-07-17,0
u-00581,Employee 581,Legal,Salesforce,Enterprise,28800.0,22,14,2026-05-22,2026-03-13,0
u-00581,Employee 581,Legal,Zoom,Premium,1920.0,114,25,2026-05-22,2024-01-14,0
u-00582,Employee 582,Operations,HubSpot,Standard,4500.0,55,14,2026-05-20,2025-12-05,0
u-00582,Employee 582,Operations,Figma,Standard,1300.0,96,29,2026-05-20,2024-11-07,0
u-00582,Employee 582,Operations,GitHub,Premium,2880.0,2,0,2026-03-30,2024-01-01,0
u-00582,Employee 582,Operations,Slack,Standard,700.0,103,25,2026-05-21,2026-04-03,0
u-00583,Employee 583,Engineering,Slack,Enterprise,1680.0,1,1,2026-04-22,2025-11-30,0
u-00583,Employee 583,Engineering,Zoom,Premium,1920.0,68,20,2026-05-22,2024-08-31,0
u-00584,Employee 584,Design,HubSpot,Premium,7200.0,61,22,2026-05-19,2024-08-12,0
u-00585,Employee 585,Design,Figma,Standard,1300.0,71,13,2026-05-20,2025-11-28,0
u-00586,Employee 586,Engineering,Zoom,Standard,1200.0,39,18,2026-05-19,2024-01-11,0
u-00586,Employee 586,Engineering,HubSpot,Enterprise,10800.0,79,15,2026-05-19,2025-01-20,0
u-00587,Employee 587,Engineering,HubSpot,Premium,7200.0,0,0,,2025-09-08,1
u-00588,Employee 588,Legal,Notion,Standard,900.0,41,11,2026-05-19,2025-09-05,0
u-00588,Employee 588,Legal,Slack,Premium,1120.0,29,22,2026-05-21,2025-03-03,0
u-00588,Employee 588,Legal,GitHub,Enterprise,4320.0,1,1,2026-05-07,2025-09-01,1
u-00589,Employee 589,Marketing,Zoom,Standard,1200.0,82,10,2026-05-19,2024-09-07,0
u-00589,Employee 589,Marketing,Jira,Premium,2400.0,0,0,,2025-12-05,1
u-00590,Employee 590,Sales,Slack,Enterprise,1680.0,76,17,2026-05-20,2025-01-16,0
u-00590,Employee 590,Sales,GitHub,Standard,1800.0,117,19,2026-05-21,2024-08-22,0
u-00590,Employee 590,Sales,HubSpot,Premium,7200.0,104,14,2026-05-19,2025-11-10,0
u-00591,Employee 591,HR,Zoom,Standard,1200.0,55,17,2026-05-22,2024-09-21,0
u-00592,Employee 592,Marketing,Notion,Standard,900.0,62,11,2026-05-19,2025-06-29,0
u-00593,Employee 593,Finance,Notion,Standard,900.0,85,12,2026-05-19,2026-03-21,0
u-00593,Employee 593,Finance,GitHub,Standard,1800.0,83,20,2026-05-20,2026-01-06,0
u-00593,Employee 593,Finance,Zoom,Standard,1200.0,64,23,2026-05-21,2024-02-18,0
u-00594,Employee 594,Engineering,GitHub,Enterprise,4320.0,29,11,2026-05-22,2024-04-15,0
u-00594,Employee 594,Engineering,Slack,Premium,1120.0,51,25,2026-05-19,2024-10-12,0
u-00595,Employee 595,HR,Zoom,Premium,1920.0,1,1,2026-04-23,2026-01-11,1
u-00595,Employee 595,HR,Notion,Premium,1440.0,114,28,2026-05-22,2024-02-29,0
u-00596,Employee 596,HR,Slack,Standard,700.0,57,19,2026-05-19,2024-02-12,0
u-00596,Employee 596,HR,GitHub,Premium,2880.0,1,1,2026-04-23,2025-03-23,1
u-00596,Employee 596,HR,Notion,Standard,900.0,116,28,2026-05-20,2024-06-30,0
u-00597,Employee 597,Marketing,Zoom,Premium,1920.0,2,0,2026-04-28,2023-12-07,0
u-00597,Employee 597,Marketing,Slack,Premium,1120.0,30,27,2026-05-20,2025-04-08,0
u-00597,Employee 597,Marketing,Notion,Premium,1440.0,51,28,2026-05-21,2025-05-13,0
u-00598,Employee 598,Operations,Salesforce,Premium,19200.0,75,12,2026-05-21,2024-04-20,0
u-00598,Employee 598,Operations,Figma,Standard,1300.0,0,0,,2023-12-07,1
u-00599,Employee 599,Sales,Slack,Enterprise,1680.0,76,26,2026-05-19,2024-09-04,0
u-00599,Employee 599,Sales,Salesforce,Standard,12000.0,15,16,2026-05-20,2024-02-16,0
u-00600,Employee 600,HR,Jira,Standard,1500.0,1,1,2026-05-12,2025-06-30,1
u-00600,Employee 600,HR,Figma,Premium,2080.0,0,1,,2025-04-13,0
u-00601,Employee 601,Design,Salesforce,Premium,19200.0,106,18,2026-05-22,2025-06-23,0
u-00601,Employee 601,Design,Jira,Standard,1500.0,3,3,2026-05-13,2024-10-01,1
u-00601,Employee 601,Design,Notion,Standard,900.0,72,24,2026-05-20,2025-07-16,0
u-00602,Employee 602,HR,GitHub,Standard,1800.0,20,25,2026-05-22,2024-11-24,0
u-00602,Employee 602,HR,Jira,Standard,1500.0,79,16,2026-05-21,2025-08-22,0
u-00603,Employee 603,Finance,Figma,Standard,1300.0,1,1,2026-05-04,2024-03-31,1
u-00603,Employee 603,Finance,Zoom,Enterprise,2880.0,101,12,2026-05-21,2025-04-14,0
u-00603,Employee 603,Finance,Jira,Premium,2400.0,40,24,2026-05-21,2025-09-28,0
u-00604,Employee 604,Engineering,Salesforce,Premium,19200.0,86,10,2026-05-19,2025-02-06,0
u-00604,Employee 604,Engineering,Slack,Standard,700.0,34,24,2026-05-19,2025-10-04,0
u-00605,Employee 605,Legal,Figma,Standard,1300.0,65,26,2026-05-21,2024-10-23,0
u-00606,Employee 606,Legal,HubSpot,Premium,7200.0,96,10,2026-05-22,2025-07-01,0
u-00606,Employee 606,Legal,Slack,Standard,700.0,2,1,2026-04-29,2024-04-25,1
u-00606,Employee 606,Legal,Zoom,Enterprise,2880.0,104,14,2026-05-21,2026-01-14,0
u-00607,Employee 607,Marketing,Notion,Premium,1440.0,32,18,2026-05-20,2025-03-22,0
u-00607,Employee 607,Marketing,Figma,Premium,2080.0,116,15,2026-05-19,2025-06-27,0
u-00608,Employee 608,Operations,Notion,Standard,900.0,2,1,2026-04-18,2024-05-08,0
u-00608,Employee 608,Operations,Jira,Standard,1500.0,2,1,2026-03-24,2026-01-05,0
u-00608,Employee 608,Operations,Slack,Enterprise,1680.0,56,24,2026-05-21,2025-05-16,0
u-00609,Employee 609,Operations,Slack,Premium,1120.0,18,12,2026-05-19,2026-04-07,0
u-00609,Employee 609,Operations,Zoom,Standard,1200.0,46,13,2026-05-21,2024-01-28,0
u-00609,Employee 609,Operations,HubSpot,Standard,4500.0,90,23,2026-05-19,2025-09-22,0
u-00610,Employee 610,Legal,Slack,Premium,1120.0,59,20,2026-05-19,2025-06-03,0
u-00610,Employee 610,Legal,Zoom,Standard,1200.0,107,23,2026-05-21,2025-08-12,0
u-00610,Employee 610,Legal,Jira,Enterprise,3600.0,86,14,2026-05-21,2025-07-17,0
u-00611,Employee 611,Finance,Zoom,Standard,1200.0,2,0,2026-04-27,2024-01-16,1
u-00611,Employee 611,Finance,Salesforce,Standard,12000.0,2,0,2026-03-28,2024-03-11,0
u-00612,Employee 612,Sales,GitHub,Enterprise,4320.0,42,16,2026-05-22,2025-02-17,0
u-00613,Employee 613,Design,Figma,Standard,1300.0,112,22,2026-05-21,2025-05-31,0
u-00614,Employee 614,Finance,Zoom,Standard,1200.0,117,22,2026-05-19,2025-05-24,0
u-00615,Employee 615,Operations,Notion,Standard,900.0,112,17,2026-05-22,2025-03-24,0
u-00615,Employee 615,Operations,Slack,Enterprise,1680.0,103,20,2026-05-22,2025-01-10,0
u-00615,Employee 615,Operations,Figma,Enterprise,3120.0,2,0,2026-05-06,2024-02-08,1
u-00616,Employee 616,Legal,HubSpot,Premium,7200.0,5,3,2026-05-19,2024-04-02,1
u-00616,Employee 616,Legal,Jira,Standard,1500.0,0,0,,2025-06-11,1
u-00617,Employee 617,HR,HubSpot,Standard,4500.0,0,0,,2025-11-20,1
u-00617,Employee 617,HR,Salesforce,Premium,19200.0,109,26,2026-05-21,2023-12-11,0
u-00617,Employee 617,HR,Figma,Premium,2080.0,2,0,2026-05-07,2024-12-27,1
u-00617,Employee 617,HR,Jira,Standard,1500.0,7,4,2026-05-12,2024-09-22,1
u-00618,Employee 618,Legal,Jira,Standard,1500.0,111,17,2026-05-19,2024-10-19,0
u-00618,Employee 618,Legal,Slack,Standard,700.0,85,15,2026-05-20,2024-11-15,0
u-00619,Employee 619,Operations,Salesforce,Standard,12000.0,2,1,2026-04-27,2025-07-16,1
u-00619,Employee 619,Operations,HubSpot,Premium,7200.0,47,23,2026-05-21,2024-03-26,0
u-00619,Employee 619,Operations,Zoom,Standard,1200.0,88,19,2026-05-21,2024-10-12,0
u-00620,Employee 620,Legal,HubSpot,Enterprise,10800.0,1,0,2026-03-24,2024-09-25,0
u-00620,Employee 620,Legal,Zoom,Standard,1200.0,27,15,2026-05-22,2026-01-22,0
u-00621,Employee 621,Sales,Slack,Enterprise,1680.0,77,27,2026-05-22,2025-01-11,0
u-00621,Employee 621,Sales,Jira,Premium,2400.0,1,0,2026-04-30,2026-03-26,1
u-00621,Employee 621,Sales,HubSpot,Enterprise,10800.0,68,10,2026-05-21,2024-10-20,0
u-00622,Employee 622,HR,Notion,Standard,900.0,59,19,2026-05-20,2024-04-11,0
u-00622,Employee 622,HR,Figma,Standard,1300.0,0,0,,2024-04-27,1
u-00622,Employee 622,HR,Jira,Premium,2400.0,66,11,2026-05-19,2025-02-16,0
u-00623,Employee 623,Operations,Salesforce,Enterprise,28800.0,54,22,2026-05-19,2024-02-20,0
u-00624,Employee 624,Design,Salesforce,Premium,19200.0,113,21,2026-05-22,2025-09-03,0
u-00624,Employee 624,Design,GitHub,Premium,2880.0,86,21,2026-05-22,2026-04-03,0
u-00625,Employee 625,Finance,Notion,Standard,900.0,70,26,2026-05-21,2025-04-21,0
u-00626,Employee 626,HR,Slack,Standard,700.0,56,13,2026-05-20,2024-06-08,0
u-00626,Employee 626,HR,Jira,Premium,2400.0,22,18,2026-05-19,2025-01-23,0
u-00627,Employee 627,Legal,GitHub,Premium,2880.0,90,20,2026-05-20,2024-03-08,0
u-00627,Employee 627,Legal,Figma,Premium,2080.0,98,14,2026-05-20,2026-01-21,0
u-00627,Employee 627,Legal,HubSpot,Premium,7200.0,2,1,2026-05-09,2025-04-21,1
u-00627,Employee 627,Legal,Notion,Standard,900.0,23,17,2026-05-19,2024-02-15,0
u-00628,Employee 628,Engineering,Zoom,Standard,1200.0,34,25,2026-05-22,2024-03-08,0
u-00628,Employee 628,Engineering,Salesforce,Standard,12000.0,4,4,2026-05-13,2024-02-14,1
u-00629,Employee 629,Design,Notion,Enterprise,2160.0,79,17,2026-05-20,2026-01-01,0
u-00630,Employee 630,Operations,Notion,Premium,1440.0,40,29,2026-05-20,2024-12-15,0
u-00630,Employee 630,Operations,Figma,Premium,2080.0,3,2,2026-05-10,2025-09-29,1
u-00631,Employee 631,Marketing,Jira,Standard,1500.0,0,0,,2026-01-10,1
u-00631,Employee 631,Marketing,GitHub,Premium,2880.0,0,0,,2026-01-21,1
u-00631,Employee 631,Marketing,Figma,Standard,1300.0,91,20,2026-05-21,2025-02-02,0
u-00632,Employee 632,Design,Salesforce,Standard,12000.0,2,1,2026-04-23,2025-04-13,1
u-00632,Employee 632,Design,HubSpot,Standard,4500.0,102,12,2026-05-22,2025-02-16,0
u-00632,Employee 632,Design,Figma,Standard,1300.0,26,28,2026-05-21,2024-01-02,0
u-00633,Employee 633,Marketing,Notion,Standard,900.0,58,25,2026-05-20,2026-03-24,0
u-00633,Employee 633,Marketing,Figma,Standard,1300.0,0,0,,2025-07-14,1
u-00634,Employee 634,Legal,HubSpot,Standard,4500.0,80,27,2026-05-20,2024-06-15,0
u-00634,Employee 634,Legal,Slack,Premium,1120.0,56,27,2026-05-19,2026-04-05,0
u-00635,Employee 635,Marketing,Notion,Premium,1440.0,2,1,2026-03-28,2025-07-19,0
u-00635,Employee 635,Marketing,GitHub,Standard,1800.0,1,1,2026-05-07,2025-04-27,1
u-00636,Employee 636,Operations,Zoom,Standard,1200.0,32,18,2026-05-20,2024-04-04,0
u-00636,Employee 636,Operations,Jira,Standard,1500.0,60,21,2026-05-21,2024-04-06,0
u-00636,Employee 636,Operations,GitHub,Premium,2880.0,1,1,2026-04-27,2025-08-22,1
u-00636,Employee 636,Operations,HubSpot,Premium,7200.0,0,0,,2024-08-10,1
u-00637,Employee 637,Operations,HubSpot,Standard,4500.0,74,27,2026-05-22,2025-05-27,0
u-00637,Employee 637,Operations,Notion,Standard,900.0,6,3,2026-05-12,2024-09-10,1
u-00637,Employee 637,Operations,GitHub,Premium,2880.0,5,3,2026-05-20,2025-10-12,1
u-00638,Employee 638,HR,HubSpot,Premium,7200.0,37,26,2026-05-22,2025-12-31,0
u-00639,Employee 639,Sales,Notion,Premium,1440.0,2,1,2026-05-10,2024-10-10,1
u-00639,Employee 639,Sales,Zoom,Standard,1200.0,52,19,2026-05-20,2024-11-15,0
u-00640,Employee 640,Engineering,Figma,Standard,1300.0,62,20,2026-05-20,2024-12-21,0
u-00640,Employee 640,Engineering,GitHub,Enterprise,4320.0,106,22,2026-05-19,2026-02-20,0
u-00641,Employee 641,HR,Salesforce,Enterprise,28800.0,16,16,2026-05-19,2025-06-26,0
u-00641,Employee 641,HR,GitHub,Premium,2880.0,2,0,2026-05-06,2025-07-04,1
u-00642,Employee 642,Legal,GitHub,Standard,1800.0,1,0,2026-05-07,2024-02-18,1
u-00643,Employee 643,Finance,Salesforce,Standard,12000.0,1,0,2026-04-10,2025-10-02,0
u-00643,Employee 643,Finance,GitHub,Enterprise,4320.0,69,14,2026-05-22,2025-12-19,0
u-00644,Employee 644,Legal,Zoom,Standard,1200.0,40,12,2026-05-21,2023-12-11,0
u-00644,Employee 644,Legal,GitHub,Standard,1800.0,2,0,2026-05-06,2025-10-14,1
u-00645,Employee 645,Design,Zoom,Premium,1920.0,91,23,2026-05-21,2024-07-25,0
u-00645,Employee 645,Design,Figma,Premium,2080.0,108,10,2026-05-19,2025-05-21,0
u-00646,Employee 646,Finance,Salesforce,Standard,12000.0,88,22,2026-05-19,2024-09-25,0
u-00647,Employee 647,Engineering,Jira,Standard,1500.0,71,20,2026-05-21,2025-03-05,0
u-00647,Employee 647,Engineering,Salesforce,Standard,12000.0,47,19,2026-05-21,2024-04-17,0
u-00647,Employee 647,Engineering,HubSpot,Standard,4500.0,40,19,2026-05-20,2024-12-17,0
u-00648,Employee 648,Operations,Figma,Premium,2080.0,84,11,2026-05-21,2025-09-15,0
u-00649,Employee 649,Marketing,Figma,Standard,1300.0,27,16,2026-05-21,2024-07-25,0
u-00649,Employee 649,Marketing,Notion,Standard,900.0,86,24,2026-05-21,2026-04-19,0
u-00650,Employee 650,Finance,Figma,Enterprise,3120.0,57,20,2026-05-20,2024-02-15,0
u-00651,Employee 651,Legal,Salesforce,Enterprise,28800.0,119,14,2026-05-20,2025-04-09,0
u-00651,Employee 651,Legal,Notion,Premium,1440.0,58,29,2026-05-21,2024-05-08,0
u-00651,Employee 651,Legal,Slack,Premium,1120.0,96,26,2026-05-22,2026-04-13,0
u-00652,Employee 652,Finance,Notion,Standard,900.0,77,11,2026-05-22,2026-01-06,0
u-00653,Employee 653,Legal,Figma,Standard,1300.0,6,2,2026-05-18,2025-04-13,1
u-00654,Employee 654,Operations,Zoom,Standard,1200.0,40,28,2026-05-22,2024-12-09,0
u-00654,Employee 654,Operations,Jira,Premium,2400.0,55,16,2026-05-19,2024-10-31,0
u-00655,Employee 655,Operations,Notion,Premium,1440.0,35,17,2026-05-20,2025-04-29,0
u-00656,Employee 656,HR,HubSpot,Standard,4500.0,2,0,2026-05-08,2025-03-07,1
u-00656,Employee 656,HR,Slack,Standard,700.0,22,11,2026-05-19,2023-12-09,0
u-00657,Employee 657,Finance,GitHub,Standard,1800.0,5,2,2026-05-18,2025-05-26,1
u-00657,Employee 657,Finance,HubSpot,Premium,7200.0,1,1,2026-05-09,2025-09-26,1
u-00657,Employee 657,Finance,Zoom,Standard,1200.0,0,0,,2025-07-25,1
u-00657,Employee 657,Finance,Slack,Premium,1120.0,26,25,2026-05-22,2026-02-19,0
u-00658,Employee 658,HR,GitHub,Premium,2880.0,0,0,,2024-01-26,1
u-00658,Employee 658,HR,Notion,Premium,1440.0,62,20,2026-05-19,2024-08-21,0
u-00659,Employee 659,Finance,HubSpot,Standard,4500.0,43,26,2026-05-19,2026-02-17,0
u-00659,Employee 659,Finance,Zoom,Premium,1920.0,69,12,2026-05-19,2024-03-08,0
u-00660,Employee 660,Legal,Notion,Premium,1440.0,27,12,2026-05-19,2024-11-06,0
u-00660,Employee 660,Legal,GitHub,Standard,1800.0,56,24,2026-05-21,2025-01-12,0
u-00660,Employee 660,Legal,HubSpot,Premium,7200.0,3,0,2026-05-01,2024-02-16,0
u-00661,Employee 661,HR,GitHub,Standard,1800.0,40,20,2026-05-20,2025-03-17,0
u-00661,Employee 661,HR,Salesforce,Enterprise,28800.0,109,10,2026-05-19,2026-01-12,0
u-00662,Employee 662,Design,Figma,Premium,2080.0,22,12,2026-05-19,2025-02-26,0
u-00662,Employee 662,Design,HubSpot,Enterprise,10800.0,1,1,2026-05-06,2025-06-19,1
u-00662,Employee 662,Design,Zoom,Premium,1920.0,34,10,2026-05-22,2024-05-27,0
u-00663,Employee 663,Marketing,GitHub,Enterprise,4320.0,22,17,2026-05-20,2026-02-27,0
u-00663,Employee 663,Marketing,Salesforce,Premium,19200.0,68,18,2026-05-21,2026-03-23,0
u-00664,Employee 664,HR,Slack,Standard,700.0,95,28,2026-05-19,2024-05-15,0
u-00665,Employee 665,Operations,HubSpot,Standard,4500.0,2,0,2026-04-25,2024-05-21,1
u-00665,Employee 665,Operations,Notion,Standard,900.0,92,21,2026-05-20,2024-06-26,0
u-00666,Employee 666,HR,HubSpot,Standard,4500.0,80,28,2026-05-22,2025-09-13,0
u-00667,Employee 667,Finance,Jira,Premium,2400.0,70,25,2026-05-20,2025-06-05,0
u-00667,Employee 667,Finance,Figma,Enterprise,3120.0,2,0,2026-03-31,2024-10-16,0
u-00667,Employee 667,Finance,GitHub,Standard,1800.0,90,29,2026-05-20,2025-07-08,0
u-00668,Employee 668,HR,GitHub,Standard,1800.0,49,26,2026-05-22,2024-11-30,0
u-00668,Employee 668,HR,Slack,Enterprise,1680.0,1,0,2026-03-30,2025-10-11,0
u-00668,Employee 668,HR,Salesforce,Standard,12000.0,1,0,2026-04-25,2025-11-21,1
u-00668,Employee 668,HR,HubSpot,Premium,7200.0,95,16,2026-05-20,2024-08-20,0
u-00669,Employee 669,Finance,Jira,Standard,1500.0,103,16,2026-05-20,2024-05-07,0
u-00669,Employee 669,Finance,Salesforce,Standard,12000.0,40,10,2026-05-20,2026-01-04,0
u-00669,Employee 669,Finance,Notion,Standard,900.0,81,27,2026-05-20,2026-04-18,0
u-00670,Employee 670,Finance,Jira,Standard,1500.0,1,1,2026-04-24,2024-11-28,1
u-00670,Employee 670,Finance,Salesforce,Premium,19200.0,1,1,2026-04-25,2025-09-13,1
u-00670,Employee 670,Finance,Figma,Standard,1300.0,41,12,2026-05-22,2024-08-14,0
u-00670,Employee 670,Finance,HubSpot,Standard,4500.0,16,16,2026-05-22,2024-04-15,0
u-00671,Employee 671,Operations,HubSpot,Standard,4500.0,79,12,2026-05-19,2024-03-05,0
u-00671,Employee 671,Operations,Salesforce,Premium,19200.0,49,25,2026-05-19,2024-05-14,0
u-00672,Employee 672,Marketing,Salesforce,Standard,12000.0,95,16,2026-05-22,2025-09-20,0
u-00673,Employee 673,Marketing,Figma,Standard,1300.0,3,3,2026-05-12,2025-02-17,1
u-00673,Employee 673,Marketing,Notion,Enterprise,2160.0,44,24,2026-05-20,2025-03-02,0
u-00674,Employee 674,Legal,HubSpot,Enterprise,10800.0,2,0,2026-05-09,2024-06-30,1
u-00675,Employee 675,Finance,GitHub,Standard,1800.0,84,14,2026-05-19,2025-12-12,0
u-00675,Employee 675,Finance,Zoom,Standard,1200.0,3,1,2026-04-09,2025-10-24,0
u-00676,Employee 676,HR,Salesforce,Standard,12000.0,61,17,2026-05-22,2024-07-28,0
u-00676,Employee 676,HR,Figma,Standard,1300.0,28,20,2026-05-20,2025-10-23,0
u-00677,Employee 677,Engineering,Jira,Standard,1500.0,1,0,2026-04-10,2025-01-26,0
u-00677,Employee 677,Engineering,GitHub,Standard,1800.0,0,0,,2024-03-14,1
u-00678,Employee 678,Sales,Zoom,Enterprise,2880.0,80,11,2026-05-19,2023-12-28,0
u-00678,Employee 678,Sales,Jira,Premium,2400.0,2,1,2026-04-29,2025-08-12,1
u-00679,Employee 679,Marketing,Salesforce,Premium,19200.0,87,13,2026-05-19,2024-11-05,0
u-00679,Employee 679,Marketing,Figma,Standard,1300.0,108,20,2026-05-19,2026-04-09,0
u-00679,Employee 679,Marketing,Jira,Premium,2400.0,0,0,,2025-06-17,0
u-00679,Employee 679,Marketing,Notion,Standard,900.0,21,23,2026-05-21,2025-04-14,0
u-00680,Employee 680,Marketing,GitHub,Standard,1800.0,6,3,2026-05-10,2025-03-22,1
u-00681,Employee 681,Sales,Salesforce,Standard,12000.0,59,22,2026-05-21,2026-02-24,0
u-00682,Employee 682,HR,Slack,Standard,700.0,53,25,2026-05-22,2025-05-23,0
u-00682,Employee 682,HR,Zoom,Standard,1200.0,1,0,2026-04-09,2025-08-02,0
u-00683,Employee 683,HR,HubSpot,Standard,4500.0,4,2,2026-05-17,2026-02-01,1
u-00683,Employee 683,HR,Notion,Enterprise,2160.0,107,27,2026-05-20,2026-02-16,0
u-00683,Employee 683,HR,GitHub,Premium,2880.0,76,28,2026-05-22,2025-11-11,0
u-00683,Employee 683,HR,Figma,Standard,1300.0,0,0,,2024-04-16,1
u-00684,Employee 684,Legal,Zoom,Standard,1200.0,73,29,2026-05-19,2025-07-12,0
u-00685,Employee 685,Legal,GitHub,Premium,2880.0,3,1,2026-04-27,2025-01-05,0
u-00685,Employee 685,Legal,Slack,Standard,700.0,31,19,2026-05-19,2024-02-24,0
u-00685,Employee 685,Legal,Salesforce,Premium,19200.0,84,25,2026-05-21,2026-03-17,0
u-00685,Employee 685,Legal,Zoom,Standard,1200.0,89,23,2026-05-20,2024-01-06,0
u-00686,Employee 686,Marketing,HubSpot,Standard,4500.0,79,18,2026-05-20,2025-01-20,0
u-00687,Employee 687,HR,Zoom,Standard,1200.0,101,23,2026-05-21,2023-12-30,0
u-00688,Employee 688,Sales,Notion,Enterprise,2160.0,44,17,2026-05-21,2025-09-09,0
u-00689,Employee 689,HR,Jira,Premium,2400.0,23,21,2026-05-21,2024-06-03,0
u-00690,Employee 690,Marketing,Figma,Premium,2080.0,4,2,2026-05-08,2025-03-18,1
u-00690,Employee 690,Marketing,HubSpot,Premium,7200.0,69,28,2026-05-20,2025-04-02,0
u-00690,Employee 690,Marketing,Jira,Premium,2400.0,15,17,2026-05-22,2025-06-10,0
u-00691,Employee 691,Operations,Slack,Enterprise,1680.0,75,10,2026-05-20,2024-11-06,0
u-00691,Employee 691,Operations,Jira,Standard,1500.0,3,1,2026-04-27,2024-01-24,0
u-00692,Employee 692,Engineering,Zoom,Standard,1200.0,39,24,2026-05-20,2023-12-31,0
u-00692,Employee 692,Engineering,Slack,Standard,700.0,67,11,2026-05-21,2025-05-29,0
u-00692,Employee 692,Engineering,Jira,Premium,2400.0,31,12,2026-05-22,2026-01-03,0
u-00693,Employee 693,Operations,Jira,Premium,2400.0,54,21,2026-05-22,2025-04-16,0
u-00693,Employee 693,Operations,Salesforce,Standard,12000.0,2,0,2026-05-12,2025-01-13,1
u-00693,Employee 693,Operations,Zoom,Standard,1200.0,1,0,2026-04-09,2025-01-01,0
u-00693,Employee 693,Operations,HubSpot,Premium,7200.0,34,14,2026-05-20,2025-10-01,0
u-00694,Employee 694,Finance,HubSpot,Standard,4500.0,2,1,2026-04-27,2024-12-04,1
u-00694,Employee 694,Finance,Figma,Standard,1300.0,2,0,2026-04-30,2025-11-06,0
u-00694,Employee 694,Finance,Zoom,Standard,1200.0,81,29,2026-05-22,2024-12-16,0
u-00694,Employee 694,Finance,Notion,Enterprise,2160.0,118,14,2026-05-20,2024-10-07,0
u-00695,Employee 695,HR,Salesforce,Premium,19200.0,0,0,,2026-01-03,1
u-00696,Employee 696,HR,Notion,Premium,1440.0,43,28,2026-05-20,2026-03-13,0
u-00696,Employee 696,HR,HubSpot,Standard,4500.0,71,12,2026-05-20,2025-05-04,0
u-00696,Employee 696,HR,Slack,Standard,700.0,83,24,2026-05-21,2024-11-24,0
u-00697,Employee 697,Sales,Slack,Premium,1120.0,28,22,2026-05-21,2024-05-06,0
u-00697,Employee 697,Sales,Jira,Enterprise,3600.0,32,22,2026-05-19,2024-03-07,0
u-00697,Employee 697,Sales,Zoom,Standard,1200.0,61,21,2026-05-19,2025-12-13,0
u-00698,Employee 698,Marketing,Figma,Premium,2080.0,2,1,2026-05-08,2026-03-11,1
u-00699,Employee 699,HR,Slack,Standard,700.0,78,20,2026-05-22,2024-07-14,0
u-00699,Employee 699,HR,Notion,Premium,1440.0,116,14,2026-05-22,2025-03-06,0
u-00700,Employee 700,HR,Notion,Standard,900.0,1,0,2026-05-12,2025-06-18,1
u-00701,Employee 701,Finance,Jira,Premium,2400.0,1,1,2026-04-24,2025-10-05,1
u-00701,Employee 701,Finance,Slack,Standard,700.0,59,21,2026-05-19,2024-03-23,0
u-00702,Employee 702,Legal,Zoom,Premium,1920.0,1,0,2026-03-29,2024-08-08,0
u-00703,Employee 703,Legal,Notion,Premium,1440.0,74,27,2026-05-19,2025-11-15,0
u-00703,Employee 703,Legal,Jira,Standard,1500.0,2,1,2026-04-24,2024-05-04,0
u-00703,Employee 703,Legal,HubSpot,Enterprise,10800.0,2,1,2026-05-06,2025-04-15,1
u-00704,Employee 704,Legal,Jira,Standard,1500.0,48,28,2026-05-21,2024-07-01,0
u-00704,Employee 704,Legal,Figma,Standard,1300.0,32,20,2026-05-20,2026-03-17,0
u-00705,Employee 705,Finance,Slack,Standard,700.0,0,1,,2024-01-29,0
u-00705,Employee 705,Finance,GitHub,Standard,1800.0,1,1,2026-04-29,2025-01-18,1
u-00705,Employee 705,Finance,Jira,Standard,1500.0,0,0,,2026-01-17,1
u-00706,Employee 706,Operations,Slack,Standard,700.0,26,11,2026-05-19,2025-06-02,0
u-00706,Employee 706,Operations,GitHub,Premium,2880.0,41,14,2026-05-21,2024-06-16,0
u-00707,Employee 707,Engineering,Salesforce,Premium,19200.0,18,21,2026-05-22,2024-04-29,0
u-00707,Employee 707,Engineering,Figma,Premium,2080.0,0,1,,2024-10-26,0
u-00708,Employee 708,Finance,Zoom,Enterprise,2880.0,2,1,2026-04-24,2026-02-17,1
u-00709,Employee 709,Marketing,Notion,Standard,900.0,3,1,2026-03-24,2024-10-20,0
u-00710,Employee 710,Legal,Slack,Enterprise,1680.0,1,1,2026-05-07,2025-04-30,1
u-00710,Employee 710,Legal,Notion,Premium,1440.0,112,11,2026-05-19,2025-01-02,0
u-00711,Employee 711,Finance,HubSpot,Standard,4500.0,116,11,2026-05-21,2025-03-22,0
u-00712,Employee 712,Engineering,HubSpot,Enterprise,10800.0,0,0,,2024-07-30,1
u-00713,Employee 713,Sales,HubSpot,Standard,4500.0,57,14,2026-05-19,2025-05-22,0
u-00713,Employee 713,Sales,Slack,Standard,700.0,107,12,2026-05-22,2025-06-26,0
u-00714,Employee 714,Design,HubSpot,Standard,4500.0,107,20,2026-05-22,2025-08-30,0
u-00715,Employee 715,Sales,HubSpot,Standard,4500.0,29,10,2026-05-21,2026-04-01,0
u-00716,Employee 716,HR,Salesforce,Enterprise,28800.0,1,0,2026-05-05,2025-05-16,1
u-00717,Employee 717,Design,GitHub,Premium,2880.0,2,0,2026-04-25,2024-06-17,1
u-00717,Employee 717,Design,Figma,Premium,2080.0,39,24,2026-05-21,2026-04-07,0
u-00717,Employee 717,Design,Salesforce,Enterprise,28800.0,28,23,2026-05-22,2023-12-14,0
u-00717,Employee 717,Design,Slack,Standard,700.0,115,13,2026-05-19,2025-06-05,0
u-00718,Employee 718,Engineering,Salesforce,Standard,12000.0,47,29,2026-05-19,2025-10-17,0
u-00718,Employee 718,Engineering,Jira,Premium,2400.0,55,29,2026-05-20,2024-06-25,0
u-00719,Employee 719,Operations,Slack,Premium,1120.0,57,20,2026-05-20,2025-03-12,0
u-00720,Employee 720,Sales,Slack,Standard,700.0,56,14,2026-05-22,2024-05-22,0
u-00720,Employee 720,Sales,Jira,Enterprise,3600.0,23,22,2026-05-22,2024-12-07,0
u-00720,Employee 720,Sales,Salesforce,Premium,19200.0,38,14,2026-05-22,2023-12-08,0
u-00720,Employee 720,Sales,Zoom,Premium,1920.0,103,24,2026-05-20,2024-11-05,0
u-00721,Employee 721,Design,Zoom,Standard,1200.0,76,12,2026-05-19,2024-01-02,0
u-00721,Employee 721,Design,Figma,Premium,2080.0,89,28,2026-05-19,2024-03-11,0
u-00722,Employee 722,Marketing,Figma,Premium,2080.0,3,1,2026-04-20,2025-05-08,0
u-00722,Employee 722,Marketing,Zoom,Standard,1200.0,75,19,2026-05-20,2025-07-24,0
u-00723,Employee 723,Design,HubSpot,Standard,4500.0,3,1,2026-04-15,2023-12-28,0
u-00723,Employee 723,Design,Figma,Enterprise,3120.0,36,27,2026-05-21,2026-04-02,0
u-00723,Employee 723,Design,Jira,Standard,1500.0,75,20,2026-05-20,2023-12-13,0
u-00724,Employee 724,Design,Slack,Enterprise,1680.0,57,19,2026-05-20,2024-11-16,0
u-00725,Employee 725,Marketing,Notion,Premium,1440.0,79,18,2026-05-22,2024-04-20,0
u-00726,Employee 726,Engineering,Zoom,Premium,1920.0,75,14,2026-05-19,2025-05-28,0
u-00727,Employee 727,Design,Zoom,Standard,1200.0,73,11,2026-05-21,2026-01-14,0
u-00727,Employee 727,Design,Notion,Premium,1440.0,40,20,2026-05-19,2024-07-06,0
u-00728,Employee 728,Finance,Salesforce,Enterprise,28800.0,2,1,2026-05-07,2026-04-19,1
u-00728,Employee 728,Finance,Figma,Premium,2080.0,2,0,2026-04-30,2024-11-01,1
u-00729,Employee 729,Sales,GitHub,Enterprise,4320.0,1,1,2026-04-27,2024-11-13,1
u-00729,Employee 729,Sales,Jira,Standard,1500.0,84,20,2026-05-21,2024-07-27,0
u-00729,Employee 729,Sales,Notion,Standard,900.0,44,24,2026-05-20,2024-04-04,0
u-00730,Employee 730,Design,Figma,Enterprise,3120.0,47,17,2026-05-22,2025-11-28,0
u-00730,Employee 730,Design,HubSpot,Standard,4500.0,2,0,2026-04-25,2025-04-02,1
u-00731,Employee 731,Finance,Jira,Premium,2400.0,0,0,,2023-12-30,1
u-00731,Employee 731,Finance,HubSpot,Standard,4500.0,1,0,2026-04-25,2024-08-21,1
u-00732,Employee 732,Operations,Zoom,Standard,1200.0,3,1,2026-03-25,2025-06-29,0
u-00732,Employee 732,Operations,HubSpot,Standard,4500.0,34,28,2026-05-21,2025-07-19,0
u-00733,Employee 733,Finance,Slack,Enterprise,1680.0,63,12,2026-05-19,2025-08-10,0
u-00733,Employee 733,Finance,Salesforce,Enterprise,28800.0,38,18,2026-05-19,2025-12-01,0
u-00734,Employee 734,Design,Salesforce,Enterprise,28800.0,113,16,2026-05-19,2025-03-27,0
u-00734,Employee 734,Design,Slack,Enterprise,1680.0,82,10,2026-05-20,2024-10-23,0
u-00734,Employee 734,Design,Figma,Premium,2080.0,25,21,2026-05-20,2026-01-30,0
u-00734,Employee 734,Design,HubSpot,Standard,4500.0,1,0,2026-04-30,2025-12-02,1
u-00735,Employee 735,Engineering,Salesforce,Enterprise,28800.0,0,0,,2025-09-21,1
u-00735,Employee 735,Engineering,Jira,Standard,1500.0,0,0,,2024-08-13,1
u-00736,Employee 736,Sales,Jira,Standard,1500.0,2,1,2026-05-10,2026-03-23,1
u-00736,Employee 736,Sales,Notion,Enterprise,2160.0,58,18,2026-05-19,2025-01-16,0
u-00737,Employee 737,Sales,Figma,Enterprise,3120.0,50,21,2026-05-19,2025-01-15,0
u-00737,Employee 737,Sales,Jira,Enterprise,3600.0,0,0,,2025-03-28,1
u-00737,Employee 737,Sales,Slack,Standard,700.0,100,10,2026-05-20,2026-03-23,0
u-00738,Employee 738,Finance,Salesforce,Premium,19200.0,82,19,2026-05-22,2024-06-27,0
u-00739,Employee 739,Marketing,GitHub,Premium,2880.0,1,0,2026-05-02,2025-10-01,1
u-00739,Employee 739,Marketing,Slack,Standard,700.0,40,20,2026-05-22,2025-07-30,0
u-00739,Employee 739,Marketing,Notion,Premium,1440.0,90,17,2026-05-22,2025-01-18,0
u-00740,Employee 740,Operations,Notion,Standard,900.0,24,22,2026-05-20,2025-08-14,0
u-00741,Employee 741,Finance,GitHub,Standard,1800.0,103,25,2026-05-19,2025-10-28,0
u-00741,Employee 741,Finance,Slack,Standard,700.0,106,28,2026-05-22,2024-05-19,0
u-00742,Employee 742,Finance,Figma,Enterprise,3120.0,2,1,2026-05-07,2024-05-29,1
u-00743,Employee 743,HR,GitHub,Standard,1800.0,76,15,2026-05-20,2024-01-09,0
u-00744,Employee 744,Sales,Zoom,Standard,1200.0,73,21,2026-05-20,2024-11-30,0
u-00744,Employee 744,Sales,Notion,Premium,1440.0,76,18,2026-05-22,2024-07-26,0
u-00744,Employee 744,Sales,Figma,Enterprise,3120.0,71,27,2026-05-20,2024-11-18,0
u-00745,Employee 745,Design,HubSpot,Standard,4500.0,0,0,,2025-09-22,1
u-00746,Employee 746,Sales,Notion,Standard,900.0,19,14,2026-05-20,2025-06-03,0
u-00747,Employee 747,Design,Notion,Enterprise,2160.0,0,1,,2025-02-07,0
u-00747,Employee 747,Design,HubSpot,Standard,4500.0,100,22,2026-05-20,2025-01-28,0
u-00748,Employee 748,Design,Figma,Standard,1300.0,23,21,2026-05-19,2025-03-11,0
u-00748,Employee 748,Design,Slack,Premium,1120.0,43,26,2026-05-22,2024-04-17,0
u-00749,Employee 749,HR,Figma,Standard,1300.0,0,0,,2024-01-26,1
u-00749,Employee 749,HR,Slack,Standard,700.0,1,1,2026-04-17,2025-11-02,0
u-00750,Employee 750,Legal,Jira,Standard,1500.0,33,24,2026-05-20,2025-12-08,0
u-00750,Employee 750,Legal,Figma,Premium,2080.0,1,1,2026-05-09,2025-08-05,1
u-00751,Employee 751,Finance,GitHub,Standard,1800.0,101,17,2026-05-22,2026-02-01,0
u-00752,Employee 752,Marketing,HubSpot,Standard,4500.0,73,27,2026-05-19,2024-06-12,0
u-00753,Employee 753,Sales,Figma,Standard,1300.0,2,1,2026-04-26,2024-04-03,1
u-00753,Employee 753,Sales,Jira,Premium,2400.0,72,16,2026-05-19,2024-08-20,0
u-00754,Employee 754,Marketing,Figma,Standard,1300.0,35,13,2026-05-22,2024-01-05,0
u-00754,Employee 754,Marketing,Slack,Enterprise,1680.0,20,19,2026-05-19,2024-09-22,0
u-00754,Employee 754,Marketing,Zoom,Standard,1200.0,53,17,2026-05-22,2024-07-07,0
u-00755,Employee 755,Finance,Notion,Standard,900.0,51,20,2026-05-20,2025-04-16,0
u-00756,Employee 756,Engineering,HubSpot,Standard,4500.0,53,25,2026-05-22,2025-04-17,0
u-00757,Employee 757,Operations,Slack,Premium,1120.0,38,17,2026-05-21,2026-03-04,0
u-00758,Employee 758,Finance,Salesforce,Premium,19200.0,83,17,2026-05-22,2025-09-02,0
u-00758,Employee 758,Finance,Zoom,Standard,1200.0,29,24,2026-05-21,2025-01-07,0
u-00758,Employee 758,Finance,Jira,Standard,1500.0,57,23,2026-05-20,2024-03-27,0
u-00759,Employee 759,Sales,Slack,Standard,700.0,1,0,2026-04-23,2025-08-19,1
u-00760,Employee 760,Finance,Jira,Standard,1500.0,20,29,2026-05-20,2024-06-13,0
u-00761,Employee 761,Legal,Jira,Standard,1500.0,22,18,2026-05-22,2025-06-07,0
u-00761,Employee 761,Legal,Figma,Premium,2080.0,2,1,2026-05-02,2024-04-25,1
u-00762,Employee 762,Operations,GitHub,Standard,1800.0,2,1,2026-04-26,2026-02-28,1
u-00762,Employee 762,Operations,Salesforce,Premium,19200.0,36,29,2026-05-21,2025-09-09,0
u-00763,Employee 763,Finance,Jira,Enterprise,3600.0,48,23,2026-05-22,2025-04-26,0
u-00763,Employee 763,Finance,Notion,Premium,1440.0,4,4,2026-05-18,2024-09-23,1
u-00763,Employee 763,Finance,Salesforce,Standard,12000.0,1,0,2026-04-26,2024-08-28,1
u-00764,Employee 764,Legal,Jira,Standard,1500.0,43,29,2026-05-20,2025-11-09,0
u-00764,Employee 764,Legal,Notion,Enterprise,2160.0,1,1,2026-05-07,2025-07-22,1
u-00764,Employee 764,Legal,GitHub,Enterprise,4320.0,109,27,2026-05-20,2024-10-20,0
u-00764,Employee 764,Legal,Slack,Premium,1120.0,72,11,2026-05-22,2025-07-05,0
u-00765,Employee 765,Design,Jira,Standard,1500.0,102,28,2026-05-21,2025-03-31,0
u-00765,Employee 765,Design,GitHub,Standard,1800.0,38,22,2026-05-19,2025-08-27,0
u-00766,Employee 766,Operations,GitHub,Standard,1800.0,2,1,2026-05-09,2023-12-11,1
u-00767,Employee 767,Design,HubSpot,Standard,4500.0,0,0,,2023-12-24,1
u-00768,Employee 768,Operations,GitHub,Premium,2880.0,1,1,2026-03-24,2026-04-01,0
u-00768,Employee 768,Operations,Zoom,Standard,1200.0,81,29,2026-05-21,2024-02-24,0
u-00769,Employee 769,Operations,HubSpot,Standard,4500.0,0,0,,2024-09-22,1
u-00769,Employee 769,Operations,Jira,Enterprise,3600.0,116,20,2026-05-20,2026-01-10,0
u-00770,Employee 770,Engineering,HubSpot,Premium,7200.0,1,0,2026-04-26,2024-03-10,1
u-00771,Employee 771,Operations,Jira,Enterprise,3600.0,86,15,2026-05-20,2024-04-17,0
u-00771,Employee 771,Operations,Zoom,Premium,1920.0,96,22,2026-05-20,2025-03-29,0
u-00772,Employee 772,Operations,Figma,Enterprise,3120.0,15,23,2026-05-22,2025-04-15,0
u-00773,Employee 773,Sales,Jira,Premium,2400.0,2,0,2026-05-10,2026-03-31,1
u-00773,Employee 773,Sales,Notion,Standard,900.0,38,25,2026-05-20,2025-08-16,0
u-00773,Employee 773,Sales,Slack,Premium,1120.0,87,28,2026-05-21,2025-09-25,0
u-00774,Employee 774,Sales,GitHub,Standard,1800.0,4,4,2026-05-19,2024-12-18,1
u-00774,Employee 774,Sales,HubSpot,Standard,4500.0,73,12,2026-05-22,2025-03-05,0
u-00775,Employee 775,Design,GitHub,Enterprise,4320.0,0,0,,2024-12-10,1
u-00776,Employee 776,Marketing,Jira,Enterprise,3600.0,2,0,2026-05-09,2026-03-25,1
u-00776,Employee 776,Marketing,Zoom,Standard,1200.0,3,0,2026-04-07,2024-04-22,0
u-00777,Employee 777,Finance,Figma,Standard,1300.0,35,25,2026-05-20,2025-04-13,0
u-00777,Employee 777,Finance,GitHub,Standard,1800.0,2,0,2026-05-02,2024-10-07,1
u-00778,Employee 778,Finance,HubSpot,Enterprise,10800.0,116,10,2026-05-20,2026-03-31,0
u-00778,Employee 778,Finance,GitHub,Standard,1800.0,1,0,2026-05-02,2024-04-14,1
u-00778,Employee 778,Finance,Notion,Standard,900.0,67,19,2026-05-22,2024-11-06,0
u-00778,Employee 778,Finance,Zoom,Standard,1200.0,84,13,2026-05-21,2024-06-15,0
u-00779,Employee 779,HR,HubSpot,Premium,7200.0,31,15,2026-05-19,2025-05-14,0
u-00779,Employee 779,HR,Notion,Premium,1440.0,97,26,2026-05-22,2024-06-07,0
u-00780,Employee 780,Legal,HubSpot,Enterprise,10800.0,85,27,2026-05-21,2026-03-14,0
u-00780,Employee 780,Legal,Slack,Premium,1120.0,1,1,2026-05-07,2026-04-01,1
u-00780,Employee 780,Legal,Notion,Standard,900.0,72,24,2026-05-20,2025-07-21,0
u-00781,Employee 781,Operations,Zoom,Standard,1200.0,0,0,,2025-06-02,0
u-00782,Employee 782,Marketing,HubSpot,Standard,4500.0,105,13,2026-05-20,2024-01-31,0
u-00783,Employee 783,Marketing,Salesforce,Standard,12000.0,32,29,2026-05-22,2025-05-21,0
u-00784,Employee 784,Sales,Slack,Standard,700.0,18,15,2026-05-19,2024-06-07,0
u-00784,Employee 784,Sales,Figma,Standard,1300.0,69,23,2026-05-21,2025-01-12,0
u-00785,Employee 785,Sales,Salesforce,Premium,19200.0,2,1,2026-04-07,2025-08-18,0
u-00786,Employee 786,Design,Zoom,Standard,1200.0,27,23,2026-05-19,2025-09-26,0
u-00787,Employee 787,Finance,Slack,Standard,700.0,16,21,2026-05-20,2024-08-25,0
u-00788,Employee 788,Marketing,Salesforce,Premium,19200.0,74,19,2026-05-19,2025-12-14,0
u-00788,Employee 788,Marketing,Slack,Standard,700.0,32,18,2026-05-22,2025-05-16,0
u-00789,Employee 789,Legal,Notion,Standard,900.0,3,4,2026-05-20,2025-07-05,1
u-00789,Employee 789,Legal,Salesforce,Enterprise,28800.0,31,23,2026-05-22,2024-08-09,0
u-00789,Employee 789,Legal,GitHub,Enterprise,4320.0,85,16,2026-05-21,2024-01-11,0
u-00789,Employee 789,Legal,HubSpot,Premium,7200.0,61,14,2026-05-20,2024-08-20,0
u-00790,Employee 790,Legal,HubSpot,Premium,7200.0,95,10,2026-05-19,2025-12-31,0
u-00790,Employee 790,Legal,Salesforce,Enterprise,28800.0,1,0,2026-05-12,2024-09-18,1
u-00791,Employee 791,Sales,Figma,Premium,2080.0,36,23,2026-05-19,2024-03-18,0
u-00791,Employee 791,Sales,Salesforce,Standard,12000.0,24,23,2026-05-19,2024-09-23,0
u-00791,Employee 791,Sales,HubSpot,Standard,4500.0,31,28,2026-05-20,2025-09-09,0
u-00791,Employee 791,Sales,GitHub,Standard,1800.0,112,16,2026-05-21,2026-02-02,0
u-00792,Employee 792,HR,GitHub,Premium,2880.0,2,0,2026-05-06,2025-01-25,1
u-00792,Employee 792,HR,Salesforce,Standard,12000.0,5,3,2026-05-13,2025-03-07,1
u-00792,Employee 792,HR,HubSpot,Enterprise,10800.0,59,17,2026-05-20,2025-08-10,0
u-00793,Employee 793,Design,Zoom,Premium,1920.0,1,1,2026-04-28,2025-09-04,1
u-00793,Employee 793,Design,Salesforce,Standard,12000.0,59,12,2026-05-20,2026-01-28,0
u-00794,Employee 794,Engineering,Zoom,Standard,1200.0,70,28,2026-05-19,2026-02-04,0
u-00794,Employee 794,Engineering,Slack,Standard,700.0,83,22,2026-05-19,2025-12-05,0
u-00795,Employee 795,Finance,GitHub,Premium,2880.0,54,19,2026-05-20,2024-03-05,0
u-00796,Employee 796,Operations,GitHub,Standard,1800.0,0,0,,2026-03-21,1
u-00797,Employee 797,Design,Slack,Standard,700.0,0,0,,2025-09-14,1
u-00797,Employee 797,Design,Zoom,Standard,1200.0,83,12,2026-05-21,2024-02-11,0
u-00798,Employee 798,Design,HubSpot,Standard,4500.0,116,16,2026-05-19,2025-01-22,0
u-00798,Employee 798,Design,GitHub,Standard,1800.0,1,1,2026-05-05,2025-09-13,1
u-00798,Employee 798,Design,Slack,Premium,1120.0,15,26,2026-05-20,2024-03-13,0
u-00799,Employee 799,Finance,GitHub,Enterprise,4320.0,2,1,2026-04-18,2025-09-15,0
u-00800,Employee 800,Engineering,Salesforce,Standard,12000.0,54,22,2026-05-20,2024-07-16,0
u-00800,Employee 800,Engineering,HubSpot,Standard,4500.0,1,0,2026-05-03,2025-10-04,1
u-00801,Employee 801,Design,Figma,Standard,1300.0,2,0,2026-05-02,2025-03-19,1
u-00801,Employee 801,Design,Jira,Enterprise,3600.0,1,0,2026-05-04,2024-11-22,1
u-00801,Employee 801,Design,GitHub,Standard,1800.0,4,2,2026-05-13,2026-04-15,1
u-00802,Employee 802,Legal,Salesforce,Premium,19200.0,65,26,2026-05-20,2024-06-10,0
u-00803,Employee 803,Sales,Zoom,Premium,1920.0,74,18,2026-05-22,2026-04-18,0
u-00804,Employee 804,Engineering,HubSpot,Standard,4500.0,21,15,2026-05-21,2024-10-24,0
u-00805,Employee 805,Design,Notion,Standard,900.0,0,1,,2025-03-16,0
u-00806,Employee 806,Engineering,Salesforce,Premium,19200.0,23,25,2026-05-20,2024-03-31,0
u-00806,Employee 806,Engineering,Slack,Standard,700.0,22,15,2026-05-21,2024-12-14,0
u-00807,Employee 807,Finance,HubSpot,Standard,4500.0,61,22,2026-05-20,2026-02-24,0
u-00807,Employee 807,Finance,Zoom,Enterprise,2880.0,62,17,2026-05-20,2024-09-10,0
u-00808,Employee 808,Sales,Slack,Enterprise,1680.0,68,21,2026-05-22,2024-02-18,0
u-00808,Employee 808,Sales,Notion,Standard,900.0,109,26,2026-05-20,2024-01-20,0
u-00809,Employee 809,HR,Salesforce,Premium,19200.0,0,0,,2024-05-04,1
u-00810,Employee 810,Marketing,Notion,Premium,1440.0,23,23,2026-05-22,2025-03-21,0
u-00811,Employee 811,Sales,Jira,Standard,1500.0,2,0,2026-04-27,2026-02-13,0
u-00811,Employee 811,Sales,GitHub,Enterprise,4320.0,19,25,2026-05-21,2025-03-24,0
u-00812,Employee 812,Marketing,Figma,Standard,1300.0,22,18,2026-05-19,2024-04-24,0
u-00812,Employee 812,Marketing,Salesforce,Premium,19200.0,65,15,2026-05-19,2024-12-16,0
u-00813,Employee 813,HR,Zoom,Standard,1200.0,0,0,,2026-01-09,1
u-00813,Employee 813,HR,GitHub,Standard,1800.0,0,0,,2025-06-23,1
u-00813,Employee 813,HR,Slack,Premium,1120.0,67,16,2026-05-22,2025-09-07,0
u-00814,Employee 814,Design,Notion,Standard,900.0,0,1,,2024-06-10,0
u-00815,Employee 815,Design,Zoom,Enterprise,2880.0,64,11,2026-05-20,2024-12-29,0
u-00816,Employee 816,Engineering,Notion,Standard,900.0,87,24,2026-05-21,2024-03-14,0
u-00816,Employee 816,Engineering,Salesforce,Standard,12000.0,68,20,2026-05-22,2025-08-10,0
u-00817,Employee 817,Engineering,Figma,Standard,1300.0,18,11,2026-05-22,2024-03-08,0
u-00818,Employee 818,Finance,Slack,Standard,700.0,0,0,,2025-08-26,0
u-00818,Employee 818,Finance,Zoom,Premium,1920.0,33,21,2026-05-21,2025-03-23,0
u-00819,Employee 819,Design,Notion,Standard,900.0,22,16,2026-05-20,2025-12-16,0
u-00819,Employee 819,Design,Salesforce,Standard,12000.0,0,0,,2024-03-18,1
u-00820,Employee 820,HR,HubSpot,Standard,4500.0,1,1,2026-05-03,2025-11-03,1
u-00820,Employee 820,HR,Jira,Premium,2400.0,0,0,,2025-03-27,1
u-00820,Employee 820,HR,Slack,Premium,1120.0,107,10,2026-05-21,2024-02-03,0
u-00821,Employee 821,Operations,Figma,Standard,1300.0,80,26,2026-05-21,2026-04-21,0
u-00821,Employee 821,Operations,Jira,Standard,1500.0,79,17,2026-05-22,2025-11-22,0
u-00821,Employee 821,Operations,Slack,Enterprise,1680.0,2,1,2026-05-12,2024-03-04,1
u-00822,Employee 822,Design,Slack,Enterprise,1680.0,29,17,2026-05-21,2024-01-12,0
u-00822,Employee 822,Design,Figma,Enterprise,3120.0,53,21,2026-05-19,2025-11-09,0
u-00823,Employee 823,HR,Jira,Enterprise,3600.0,1,0,2026-04-11,2024-02-09,0
u-00824,Employee 824,Engineering,Slack,Standard,700.0,2,1,2026-04-24,2025-10-19,0
u-00824,Employee 824,Engineering,Zoom,Standard,1200.0,2,1,2026-05-02,2024-07-29,1
u-00825,Employee 825,Marketing,Figma,Standard,1300.0,0,1,,2025-04-30,0
u-00825,Employee 825,Marketing,Notion,Premium,1440.0,44,16,2026-05-21,2024-08-03,0
u-00825,Employee 825,Marketing,HubSpot,Premium,7200.0,108,11,2026-05-22,2025-05-03,0
u-00826,Employee 826,Marketing,Figma,Premium,2080.0,1,1,2026-05-08,2025-09-23,1
u-00827,Employee 827,Operations,Notion,Premium,1440.0,31,26,2026-05-21,2025-06-08,0
u-00827,Employee 827,Operations,Salesforce,Standard,12000.0,90,14,2026-05-20,2025-05-05,0
u-00827,Employee 827,Operations,Figma,Standard,1300.0,108,29,2026-05-21,2026-02-03,0
u-00828,Employee 828,Sales,GitHub,Premium,2880.0,34,25,2026-05-21,2024-09-23,0
u-00828,Employee 828,Sales,Jira,Standard,1500.0,72,23,2026-05-22,2024-08-27,0
u-00829,Employee 829,Operations,GitHub,Premium,2880.0,112,29,2026-05-20,2026-02-12,0
u-00829,Employee 829,Operations,Salesforce,Standard,12000.0,1,0,2026-04-07,2024-01-23,0
u-00830,Employee 830,Marketing,Slack,Standard,700.0,75,27,2026-05-21,2024-05-22,0
u-00831,Employee 831,Marketing,Figma,Premium,2080.0,105,14,2026-05-22,2026-03-31,0
u-00831,Employee 831,Marketing,Jira,Standard,1500.0,2,0,2026-05-04,2023-12-26,1
u-00832,Employee 832,Design,Slack,Premium,1120.0,1,0,2026-04-24,2024-12-28,1
u-00832,Employee 832,Design,Salesforce,Standard,12000.0,50,24,2026-05-19,2024-08-11,0
u-00833,Employee 833,Engineering,Notion,Standard,900.0,84,22,2026-05-22,2024-08-07,0
u-00833,Employee 833,Engineering,GitHub,Standard,1800.0,118,17,2026-05-19,2025-12-16,0
u-00834,Employee 834,Engineering,Notion,Premium,1440.0,32,24,2026-05-21,2026-02-13,0
u-00835,Employee 835,Design,Salesforce,Standard,12000.0,0,0,,2024-05-31,1
u-00835,Employee 835,Design,Zoom,Standard,1200.0,112,16,2026-05-22,2025-01-17,0
u-00836,Employee 836,Design,Figma,Enterprise,3120.0,2,1,2026-04-29,2024-04-02,1
u-00836,Employee 836,Design,HubSpot,Enterprise,10800.0,0,0,,2025-07-31,1
u-00837,Employee 837,Engineering,Jira,Standard,1500.0,54,26,2026-05-22,2024-08-23,0
u-00837,Employee 837,Engineering,GitHub,Standard,1800.0,68,12,2026-05-22,2025-09-17,0
u-00837,Employee 837,Engineering,Figma,Standard,1300.0,46,22,2026-05-20,2024-09-01,0
u-00838,Employee 838,Marketing,Figma,Standard,1300.0,3,1,2026-04-04,2024-07-10,0
u-00839,Employee 839,Marketing,Zoom,Standard,1200.0,69,10,2026-05-22,2024-01-06,0
u-00840,Employee 840,HR,GitHub,Premium,2880.0,0,0,,2024-01-08,1
u-00840,Employee 840,HR,Zoom,Premium,1920.0,19,28,2026-05-21,2024-11-04,0
u-00841,Employee 841,Legal,Zoom,Enterprise,2880.0,112,26,2026-05-21,2024-09-28,0
u-00841,Employee 841,Legal,Salesforce,Standard,12000.0,56,24,2026-05-20,2025-03-27,0
u-00841,Employee 841,Legal,Slack,Standard,700.0,2,0,2026-05-01,2025-03-31,0
u-00842,Employee 842,Design,GitHub,Premium,2880.0,2,1,2026-05-11,2025-01-29,1
u-00842,Employee 842,Design,Jira,Standard,1500.0,0,0,,2025-11-30,1
u-00843,Employee 843,HR,HubSpot,Standard,4500.0,88,21,2026-05-19,2023-12-21,0
u-00843,Employee 843,HR,Figma,Premium,2080.0,25,14,2026-05-19,2025-12-24,0
u-00843,Employee 843,HR,Salesforce,Standard,12000.0,7,3,2026-05-10,2025-08-19,1
u-00843,Employee 843,HR,Zoom,Standard,1200.0,0,0,,2024-09-08,0
u-00844,Employee 844,HR,Jira,Standard,1500.0,28,18,2026-05-22,2025-01-26,0
u-00845,Employee 845,Legal,Jira,Standard,1500.0,44,22,2026-05-22,2025-10-29,0
u-00846,Employee 846,Legal,Slack,Standard,700.0,2,0,2026-04-25,2025-11-20,0
u-00847,Employee 847,Marketing,GitHub,Premium,2880.0,105,19,2026-05-22,2024-05-28,0
u-00847,Employee 847,Marketing,Salesforce,Standard,12000.0,2,1,2026-04-30,2024-03-15,1
u-00847,Employee 847,Marketing,Jira,Standard,1500.0,0,1,,2026-02-09,0
u-00848,Employee 848,Operations,Figma,Enterprise,3120.0,2,0,2026-04-30,2024-04-07,1
u-00848,Employee 848,Operations,HubSpot,Premium,7200.0,76,23,2026-05-19,2025-06-20,0
u-00848,Employee 848,Operations,Zoom,Premium,1920.0,80,21,2026-05-21,2024-06-15,0
u-00848,Employee 848,Operations,Jira,Standard,1500.0,95,18,2026-05-19,2024-08-24,0
u-00849,Employee 849,Operations,Figma,Enterprise,3120.0,43,24,2026-05-20,2025-07-28,0
u-00849,Employee 849,Operations,HubSpot,Enterprise,10800.0,2,0,2026-04-23,2024-07-26,0
u-00850,Employee 850,Marketing,GitHub,Enterprise,4320.0,2,1,2026-05-04,2024-12-16,1
u-00850,Employee 850,Marketing,Zoom,Premium,1920.0,0,1,,2024-02-04,0
u-00850,Employee 850,Marketing,HubSpot,Standard,4500.0,81,10,2026-05-21,2025-11-17,0
u-00851,Employee 851,Finance,HubSpot,Standard,4500.0,0,0,,2025-04-19,1
u-00852,Employee 852,Operations,Zoom,Standard,1200.0,37,24,2026-05-22,2025-02-11,0
u-00852,Employee 852,Operations,Jira,Standard,1500.0,44,19,2026-05-22,2025-02-12,0
u-00852,Employee 852,Operations,HubSpot,Premium,7200.0,65,19,2026-05-20,2025-05-27,0
u-00852,Employee 852,Operations,Notion,Standard,900.0,100,15,2026-05-19,2024-09-30,0
u-00853,Employee 853,Legal,Jira,Premium,2400.0,78,27,2026-05-20,2025-08-30,0
u-00854,Employee 854,Operations,Figma,Standard,1300.0,74,17,2026-05-20,2025-12-29,0
u-00855,Employee 855,HR,Figma,Standard,1300.0,1,1,2026-04-18,2025-12-21,0
u-00855,Employee 855,HR,Zoom,Standard,1200.0,0,0,,2025-05-18,0
u-00856,Employee 856,Engineering,Jira,Standard,1500.0,97,28,2026-05-20,2024-12-30,0
u-00856,Employee 856,Engineering,GitHub,Standard,1800.0,83,29,2026-05-21,2025-06-06,0
u-00857,Employee 857,Marketing,Salesforce,Standard,12000.0,64,15,2026-05-19,2025-07-25,0
u-00858,Employee 858,Legal,Jira,Standard,1500.0,3,3,2026-05-17,2024-05-13,1
u-00858,Employee 858,Legal,HubSpot,Enterprise,10800.0,1,0,2026-05-04,2026-02-17,1
u-00859,Employee 859,HR,Slack,Standard,700.0,95,12,2026-05-21,2024-10-27,0
u-00860,Employee 860,Design,HubSpot,Enterprise,10800.0,1,1,2026-04-28,2025-06-26,1
u-00860,Employee 860,Design,Slack,Premium,1120.0,40,14,2026-05-21,2024-03-06,0
u-00861,Employee 861,HR,Jira,Standard,1500.0,0,0,,2025-07-28,1
u-00861,Employee 861,HR,Zoom,Premium,1920.0,101,28,2026-05-19,2024-07-06,0
u-00862,Employee 862,Marketing,Figma,Premium,2080.0,0,0,,2025-11-18,1
u-00863,Employee 863,Design,Slack,Standard,700.0,97,21,2026-05-19,2026-04-15,0
u-00863,Employee 863,Design,Jira,Standard,1500.0,1,0,2026-04-29,2025-09-16,1
u-00863,Employee 863,Design,GitHub,Enterprise,4320.0,1,0,2026-05-01,2026-02-23,1
u-00863,Employee 863,Design,Figma,Premium,2080.0,36,13,2026-05-21,2024-10-02,0
u-00864,Employee 864,Design,Figma,Enterprise,3120.0,102,11,2026-05-20,2024-01-07,0
u-00864,Employee 864,Design,GitHub,Standard,1800.0,114,19,2026-05-19,2024-01-01,0
u-00865,Employee 865,Sales,Notion,Standard,900.0,21,24,2026-05-19,2024-06-11,0
u-00865,Employee 865,Sales,HubSpot,Standard,4500.0,73,25,2026-05-21,2024-05-03,0
u-00866,Employee 866,Engineering,Slack,Standard,700.0,112,11,2026-05-21,2024-03-09,0
u-00866,Employee 866,Engineering,Figma,Standard,1300.0,42,26,2026-05-21,2025-07-29,0
u-00866,Employee 866,Engineering,HubSpot,Standard,4500.0,1,1,2026-05-02,2025-11-18,0
u-00867,Employee 867,Operations,Zoom,Standard,1200.0,63,13,2026-05-21,2025-07-23,0
u-00867,Employee 867,Operations,Notion,Standard,900.0,64,22,2026-05-20,2024-11-13,0
u-00867,Employee 867,Operations,GitHub,Standard,1800.0,110,14,2026-05-19,2025-01-28,0
u-00868,Employee 868,Sales,Figma,Standard,1300.0,60,27,2026-05-20,2024-03-28,0
u-00869,Employee 869,Operations,Figma,Premium,2080.0,27,23,2026-05-20,2025-04-02,0
u-00869,Employee 869,Operations,Salesforce,Standard,12000.0,58,28,2026-05-21,2025-12-19,0
u-00870,Employee 870,Sales,Slack,Premium,1120.0,2,0,2026-05-04,2024-04-29,1
u-00871,Employee 871,HR,Jira,Enterprise,3600.0,63,24,2026-05-21,2023-12-08,0
u-00871,Employee 871,HR,GitHub,Enterprise,4320.0,116,17,2026-05-19,2024-01-11,0
u-00871,Employee 871,HR,Notion,Premium,1440.0,20,10,2026-05-22,2024-02-13,0
u-00872,Employee 872,Finance,HubSpot,Premium,7200.0,1,1,2026-04-30,2024-07-28,1
u-00873,Employee 873,Operations,Figma,Premium,2080.0,57,21,2026-05-22,2026-01-21,0
u-00873,Employee 873,Operations,Jira,Standard,1500.0,113,20,2026-05-21,2024-09-01,0
u-00873,Employee 873,Operations,Notion,Standard,900.0,98,12,2026-05-21,2025-04-19,0
u-00874,Employee 874,Marketing,Notion,Standard,900.0,3,0,2026-04-07,2024-11-16,0
u-00874,Employee 874,Marketing,Salesforce,Enterprise,28800.0,93,20,2026-05-21,2024-07-06,0
u-00875,Employee 875,Legal,Slack,Premium,1120.0,19,25,2026-05-20,2025-03-20,0
u-00875,Employee 875,Legal,Zoom,Standard,1200.0,84,15,2026-05-21,2026-04-14,0
u-00876,Employee 876,Design,Slack,Standard,700.0,117,15,2026-05-21,2025-08-21,0
u-00877,Employee 877,Engineering,Zoom,Premium,1920.0,102,20,2026-05-20,2024-09-07,0
u-00878,Employee 878,Operations,GitHub,Standard,1800.0,2,1,2026-04-28,2025-08-16,1
u-00878,Employee 878,Operations,Zoom,Premium,1920.0,32,16,2026-05-20,2025-03-12,0
u-00878,Employee 878,Operations,Jira,Enterprise,3600.0,112,17,2026-05-21,2025-07-01,0
u-00879,Employee 879,Finance,HubSpot,Standard,4500.0,117,21,2026-05-21,2024-10-20,0
u-00880,Employee 880,Operations,HubSpot,Premium,7200.0,102,11,2026-05-20,2025-12-03,0
u-00881,Employee 881,Engineering,HubSpot,Standard,4500.0,43,18,2026-05-20,2025-09-01,0
u-00881,Employee 881,Engineering,Notion,Premium,1440.0,1,1,2026-04-18,2024-06-03,0
u-00881,Employee 881,Engineering,Figma,Standard,1300.0,70,13,2026-05-22,2024-11-30,0
u-00881,Employee 881,Engineering,Jira,Premium,2400.0,25,18,2026-05-20,2025-10-26,0
u-00882,Employee 882,Operations,Slack,Premium,1120.0,56,21,2026-05-21,2024-08-19,0
u-00882,Employee 882,Operations,Zoom,Standard,1200.0,77,18,2026-05-19,2026-01-11,0
u-00882,Employee 882,Operations,Salesforce,Enterprise,28800.0,118,27,2026-05-19,2024-06-30,0
u-00882,Employee 882,Operations,Notion,Enterprise,2160.0,36,27,2026-05-21,2024-05-06,0
u-00883,Employee 883,Sales,Notion,Standard,900.0,95,16,2026-05-19,2026-02-19,0
u-00884,Employee 884,Engineering,Zoom,Standard,1200.0,73,11,2026-05-19,2025-10-22,0
u-00884,Employee 884,Engineering,Notion,Standard,900.0,78,23,2026-05-21,2024-12-14,0
u-00884,Employee 884,Engineering,Slack,Standard,700.0,60,18,2026-05-20,2026-02-09,0
u-00884,Employee 884,Engineering,GitHub,Enterprise,4320.0,84,13,2026-05-20,2025-12-19,0
u-00885,Employee 885,Marketing,Zoom,Standard,1200.0,100,18,2026-05-20,2026-02-14,0
u-00885,Employee 885,Marketing,HubSpot,Standard,4500.0,19,15,2026-05-22,2025-01-18,0
u-00886,Employee 886,Design,HubSpot,Standard,4500.0,23,29,2026-05-20,2025-04-19,0
u-00886,Employee 886,Design,Slack,Premium,1120.0,1,0,2026-04-02,2024-02-06,0
u-00887,Employee 887,Design,Zoom,Standard,1200.0,0,1,,2025-10-19,0
u-00887,Employee 887,Design,Slack,Standard,700.0,35,14,2026-05-19,2024-02-10,0
u-00888,Employee 888,Design,Figma,Standard,1300.0,81,19,2026-05-19,2026-03-16,0
u-00889,Employee 889,Sales,Jira,Premium,2400.0,46,15,2026-05-20,2025-04-15,0
u-00890,Employee 890,Legal,Figma,Standard,1300.0,27,19,2026-05-21,2023-12-21,0
u-00891,Employee 891,Design,Salesforce,Enterprise,28800.0,2,1,2026-05-03,2024-02-13,1
u-00891,Employee 891,Design,Notion,Standard,900.0,2,0,2026-05-10,2024-09-26,1
u-00892,Employee 892,Finance,Jira,Standard,1500.0,0,0,,2025-02-25,1
u-00893,Employee 893,HR,Slack,Premium,1120.0,96,17,2026-05-22,2024-03-21,0
u-00894,Employee 894,Engineering,Zoom,Premium,1920.0,32,25,2026-05-22,2025-02-16,0
u-00894,Employee 894,Engineering,HubSpot,Standard,4500.0,0,0,,2025-04-13,1
u-00895,Employee 895,Operations,Jira,Standard,1500.0,53,21,2026-05-20,2026-03-31,0
u-00895,Employee 895,Operations,HubSpot,Enterprise,10800.0,4,3,2026-05-16,2024-07-26,1
u-00896,Employee 896,Engineering,GitHub,Standard,1800.0,1,1,2026-05-05,2026-01-16,1
u-00896,Employee 896,Engineering,Notion,Standard,900.0,31,20,2026-05-22,2024-06-07,0
u-00896,Employee 896,Engineering,Jira,Premium,2400.0,117,18,2026-05-22,2025-02-16,0
u-00897,Employee 897,Operations,Figma,Standard,1300.0,63,12,2026-05-21,2024-01-03,0
u-00898,Employee 898,Design,Slack,Premium,1120.0,60,12,2026-05-22,2024-06-30,0
u-00899,Employee 899,Operations,Notion,Standard,900.0,2,0,2026-04-24,2025-06-24,1
u-00900,Employee 900,Legal,Zoom,Premium,1920.0,0,0,,2025-07-07,1
u-00900,Employee 900,Legal,Figma,Premium,2080.0,27,18,2026-05-22,2024-08-22,0
u-00901,Employee 901,HR,Slack,Premium,1120.0,82,28,2026-05-21,2026-02-19,0
u-00901,Employee 901,HR,Notion,Enterprise,2160.0,30,21,2026-05-21,2024-11-22,0
u-00901,Employee 901,HR,HubSpot,Premium,7200.0,16,16,2026-05-19,2024-11-06,0
u-00902,Employee 902,Operations,Slack,Standard,700.0,35,16,2026-05-19,2026-01-26,0
u-00902,Employee 902,Operations,HubSpot,Standard,4500.0,101,15,2026-05-21,2024-07-17,0
u-00902,Employee 902,Operations,Zoom,Standard,1200.0,74,15,2026-05-20,2024-03-20,0
u-00902,Employee 902,Operations,Salesforce,Standard,12000.0,0,0,,2025-06-25,1
u-00903,Employee 903,Marketing,Notion,Standard,900.0,78,19,2026-05-22,2025-02-20,0
u-00904,Employee 904,Marketing,Figma,Premium,2080.0,0,0,,2026-03-20,1
u-00904,Employee 904,Marketing,Jira,Standard,1500.0,49,12,2026-05-22,2025-07-19,0
u-00905,Employee 905,Marketing,Figma,Standard,1300.0,0,1,,2024-09-15,0
u-00905,Employee 905,Marketing,Jira,Standard,1500.0,90,10,2026-05-22,2025-10-20,0
u-00906,Employee 906,Marketing,HubSpot,Standard,4500.0,74,12,2026-05-20,2024-06-02,0
u-00906,Employee 906,Marketing,Notion,Standard,900.0,15,14,2026-05-22,2025-03-19,0
u-00907,Employee 907,Marketing,Zoom,Standard,1200.0,112,16,2026-05-19,2024-05-13,0
u-00907,Employee 907,Marketing,Jira,Standard,1500.0,0,0,,2024-07-13,1
u-00907,Employee 907,Marketing,HubSpot,Premium,7200.0,0,0,,2026-01-28,1
u-00907,Employee 907,Marketing,Slack,Standard,700.0,40,11,2026-05-21,2024-07-13,0
u-00908,Employee 908,Marketing,Notion,Premium,1440.0,1,1,2026-04-07,2025-12-22,0
u-00908,Employee 908,Marketing,Figma,Premium,2080.0,44,29,2026-05-20,2024-01-23,0
u-00908,Employee 908,Marketing,Jira,Enterprise,3600.0,1,1,2026-04-25,2025-02-15,1
u-00909,Employee 909,Sales,Notion,Standard,900.0,91,22,2026-05-20,2025-09-08,0
u-00910,Employee 910,Sales,HubSpot,Standard,4500.0,25,27,2026-05-19,2025-12-29,0
u-00910,Employee 910,Sales,Slack,Standard,700.0,20,20,2026-05-21,2023-12-28,0
u-00910,Employee 910,Sales,Figma,Standard,1300.0,54,29,2026-05-20,2025-03-10,0
u-00911,Employee 911,Design,HubSpot,Standard,4500.0,2,1,2026-04-25,2026-01-25,1
u-00912,Employee 912,Design,HubSpot,Enterprise,10800.0,44,13,2026-05-20,2026-03-25,0
u-00912,Employee 912,Design,Jira,Standard,1500.0,42,22,2026-05-21,2024-03-18,0
u-00913,Employee 913,Legal,HubSpot,Premium,7200.0,73,13,2026-05-20,2026-03-07,0
u-00914,Employee 914,Marketing,Slack,Standard,700.0,108,14,2026-05-19,2025-07-26,0
u-00914,Employee 914,Marketing,GitHub,Standard,1800.0,74,29,2026-05-22,2025-10-04,0
u-00915,Employee 915,Sales,Jira,Premium,2400.0,52,25,2026-05-21,2025-04-14,0
u-00915,Employee 915,Sales,Zoom,Standard,1200.0,52,14,2026-05-20,2025-08-19,0
u-00916,Employee 916,Sales,GitHub,Premium,2880.0,0,0,,2024-09-09,1
u-00916,Employee 916,Sales,Slack,Enterprise,1680.0,21,21,2026-05-19,2025-05-04,0
u-00917,Employee 917,HR,Zoom,Standard,1200.0,118,17,2026-05-19,2025-10-14,0
u-00917,Employee 917,HR,Figma,Enterprise,3120.0,0,0,,2024-11-11,1
u-00917,Employee 917,HR,Jira,Standard,1500.0,1,1,2026-05-03,2025-09-25,1
u-00918,Employee 918,Legal,Slack,Standard,700.0,84,17,2026-05-22,2024-04-06,0
u-00918,Employee 918,Legal,GitHub,Premium,2880.0,51,23,2026-05-22,2024-08-17,0
u-00919,Employee 919,Engineering,GitHub,Enterprise,4320.0,0,0,,2025-08-30,0
u-00920,Employee 920,Operations,Salesforce,Standard,12000.0,0,0,,2025-11-14,1
u-00921,Employee 921,Legal,Jira,Standard,1500.0,2,1,2026-05-04,2025-03-07,1
u-00921,Employee 921,Legal,HubSpot,Standard,4500.0,1,1,2026-04-29,2026-01-11,1
u-00921,Employee 921,Legal,Salesforce,Enterprise,28800.0,1,0,2026-04-22,2025-12-12,0
u-00921,Employee 921,Legal,Slack,Standard,700.0,85,12,2026-05-19,2024-01-13,0
u-00922,Employee 922,HR,Salesforce,Standard,12000.0,26,14,2026-05-19,2025-04-23,0
u-00923,Employee 923,Legal,GitHub,Enterprise,4320.0,99,29,2026-05-20,2024-08-03,0
u-00924,Employee 924,Operations,Slack,Standard,700.0,90,29,2026-05-21,2025-08-05,0
u-00925,Employee 925,Legal,Slack,Enterprise,1680.0,80,11,2026-05-21,2024-04-08,0
u-00925,Employee 925,Legal,Figma,Standard,1300.0,55,17,2026-05-22,2025-02-22,0
u-00926,Employee 926,Finance,Jira,Standard,1500.0,85,22,2026-05-22,2025-09-10,0
u-00926,Employee 926,Finance,Figma,Premium,2080.0,110,29,2026-05-19,2024-09-23,0
u-00927,Employee 927,Operations,Figma,Premium,2080.0,0,0,,2025-11-05,1
u-00927,Employee 927,Operations,Slack,Standard,700.0,97,19,2026-05-22,2025-06-14,0
u-00927,Employee 927,Operations,GitHub,Standard,1800.0,64,27,2026-05-22,2024-04-02,0
u-00927,Employee 927,Operations,HubSpot,Premium,7200.0,62,16,2026-05-21,2024-04-25,0
u-00928,Employee 928,Finance,Jira,Standard,1500.0,1,1,2026-04-24,2025-03-25,1
u-00928,Employee 928,Finance,Figma,Standard,1300.0,81,15,2026-05-20,2025-12-05,0
u-00928,Employee 928,Finance,Salesforce,Premium,19200.0,34,19,2026-05-22,2025-02-13,0
u-00929,Employee 929,Operations,GitHub,Standard,1800.0,75,28,2026-05-20,2025-12-14,0
u-00929,Employee 929,Operations,HubSpot,Standard,4500.0,1,0,2026-05-10,2025-08-22,1
u-00929,Employee 929,Operations,Figma,Premium,2080.0,2,0,2026-05-04,2025-09-30,1
u-00930,Employee 930,Marketing,Notion,Standard,900.0,89,25,2026-05-19,2024-12-14,0
u-00931,Employee 931,HR,GitHub,Standard,1800.0,19,14,2026-05-20,2024-12-15,0
u-00932,Employee 932,HR,Slack,Standard,700.0,22,22,2026-05-21,2024-05-22,0
u-00932,Employee 932,HR,HubSpot,Standard,4500.0,109,12,2026-05-20,2025-12-22,0
u-00933,Employee 933,Design,Salesforce,Enterprise,28800.0,23,19,2026-05-22,2025-04-28,0
u-00933,Employee 933,Design,Zoom,Standard,1200.0,19,16,2026-05-22,2025-11-22,0
u-00934,Employee 934,Marketing,Zoom,Standard,1200.0,1,1,2026-04-30,2023-12-12,1
u-00934,Employee 934,Marketing,Slack,Standard,700.0,53,14,2026-05-19,2024-07-27,0
u-00935,Employee 935,Marketing,Notion,Standard,900.0,2,1,2026-04-25,2025-12-06,0
u-00935,Employee 935,Marketing,Figma,Standard,1300.0,1,0,2026-04-23,2024-07-02,1
u-00935,Employee 935,Marketing,Slack,Standard,700.0,91,12,2026-05-19,2024-04-27,0
u-00935,Employee 935,Marketing,Jira,Premium,2400.0,2,1,2026-04-24,2025-04-08,1
u-00936,Employee 936,Legal,Zoom,Standard,1200.0,119,14,2026-05-19,2026-03-02,0
u-00936,Employee 936,Legal,GitHub,Enterprise,4320.0,42,17,2026-05-22,2025-01-04,0
u-00937,Employee 937,HR,Figma,Standard,1300.0,0,0,,2025-01-19,1
u-00937,Employee 937,HR,Jira,Premium,2400.0,2,1,2026-05-10,2025-01-13,1
u-00938,Employee 938,Legal,Slack,Standard,700.0,38,27,2026-05-21,2026-02-25,0
u-00939,Employee 939,Engineering,Figma,Standard,1300.0,93,10,2026-05-22,2024-10-04,0
u-00939,Employee 939,Engineering,GitHub,Enterprise,4320.0,71,29,2026-05-21,2026-01-16,0
u-00940,Employee 940,HR,Notion,Standard,900.0,113,28,2026-05-20,2024-09-23,0
u-00940,Employee 940,HR,Jira,Standard,1500.0,76,19,2026-05-20,2024-09-21,0
u-00940,Employee 940,HR,Figma,Standard,1300.0,53,24,2026-05-22,2024-12-06,0
u-00940,Employee 940,HR,Zoom,Premium,1920.0,90,20,2026-05-21,2025-10-30,0
u-00941,Employee 941,Sales,Slack,Standard,700.0,36,26,2026-05-20,2024-05-02,0
u-00941,Employee 941,Sales,Notion,Standard,900.0,26,29,2026-05-21,2025-04-04,0
u-00941,Employee 941,Sales,Jira,Standard,1500.0,1,1,2026-04-23,2025-10-05,1
u-00942,Employee 942,Operations,Slack,Enterprise,1680.0,114,22,2026-05-22,2024-03-14,0
u-00943,Employee 943,Design,Jira,Standard,1500.0,51,13,2026-05-21,2025-02-19,0
u-00943,Employee 943,Design,HubSpot,Premium,7200.0,27,24,2026-05-22,2025-05-02,0
u-00944,Employee 944,Finance,HubSpot,Premium,7200.0,106,23,2026-05-21,2026-01-12,0
u-00944,Employee 944,Finance,Zoom,Enterprise,2880.0,69,23,2026-05-21,2025-03-21,0
u-00945,Employee 945,Operations,GitHub,Standard,1800.0,16,18,2026-05-19,2026-01-02,0
u-00946,Employee 946,Operations,Zoom,Premium,1920.0,85,18,2026-05-21,2025-11-04,0
u-00947,Employee 947,Legal,Notion,Premium,1440.0,49,23,2026-05-21,2025-01-29,0
u-00948,Employee 948,Sales,Salesforce,Standard,12000.0,2,0,2026-04-26,2025-02-08,1
u-00949,Employee 949,Engineering,HubSpot,Standard,4500.0,98,14,2026-05-20,2025-12-07,0
u-00949,Employee 949,Engineering,Salesforce,Standard,12000.0,72,22,2026-05-20,2024-01-16,0
u-00950,Employee 950,Engineering,Zoom,Enterprise,2880.0,103,29,2026-05-19,2026-03-05,0
u-00951,Employee 951,Legal,HubSpot,Premium,7200.0,0,0,,2024-06-25,1
u-00952,Employee 952,Sales,Figma,Standard,1300.0,0,0,,2024-11-08,1
u-00952,Employee 952,Sales,Slack,Standard,700.0,39,15,2026-05-22,2025-07-09,0
u-00953,Employee 953,Marketing,GitHub,Standard,1800.0,1,0,2026-05-07,2024-10-09,1
u-00954,Employee 954,Marketing,GitHub,Premium,2880.0,7,4,2026-05-16,2025-05-03,1
u-00954,Employee 954,Marketing,Salesforce,Standard,12000.0,73,21,2026-05-21,2026-02-07,0
u-00955,Employee 955,Operations,GitHub,Premium,2880.0,85,12,2026-05-20,2026-04-16,0
u-00955,Employee 955,Operations,Salesforce,Standard,12000.0,3,4,2026-05-13,2025-02-02,1
u-00956,Employee 956,Operations,Zoom,Standard,1200.0,60,14,2026-05-22,2024-07-29,0
u-00956,Employee 956,Operations,Salesforce,Standard,12000.0,107,23,2026-05-21,2023-12-09,0
u-00956,Employee 956,Operations,Jira,Standard,1500.0,2,1,2026-04-03,2024-11-06,0
u-00957,Employee 957,HR,Jira,Standard,1500.0,31,24,2026-05-19,2025-01-30,0
u-00958,Employee 958,Design,Slack,Standard,700.0,50,10,2026-05-22,2025-01-07,0
u-00958,Employee 958,Design,Notion,Premium,1440.0,47,26,2026-05-22,2026-01-07,0
u-00958,Employee 958,Design,Salesforce,Enterprise,28800.0,2,1,2026-04-06,2025-05-15,0
u-00958,Employee 958,Design,Figma,Standard,1300.0,6,4,2026-05-14,2024-01-16,1
u-00959,Employee 959,Finance,HubSpot,Standard,4500.0,25,26,2026-05-21,2024-09-26,0
u-00959,Employee 959,Finance,Salesforce,Standard,12000.0,80,20,2026-05-21,2025-06-10,0
u-00959,Employee 959,Finance,Slack,Standard,700.0,51,23,2026-05-21,2024-12-25,0
u-00960,Employee 960,Finance,HubSpot,Standard,4500.0,1,0,2026-04-25,2025-04-14,1
u-00961,Employee 961,Sales,Salesforce,Standard,12000.0,77,28,2026-05-20,2024-02-17,0
u-00962,Employee 962,Operations,Slack,Standard,700.0,104,18,2026-05-20,2025-07-11,0
u-00962,Employee 962,Operations,Figma,Standard,1300.0,87,13,2026-05-19,2024-11-27,0
u-00963,Employee 963,Design,Zoom,Standard,1200.0,68,22,2026-05-19,2025-06-07,0
u-00963,Employee 963,Design,Jira,Standard,1500.0,1,1,2026-05-09,2024-10-20,1
u-00964,Employee 964,Engineering,Jira,Standard,1500.0,56,19,2026-05-22,2024-01-23,0
u-00964,Employee 964,Engineering,HubSpot,Standard,4500.0,41,25,2026-05-21,2024-04-28,0
u-00965,Employee 965,Engineering,Slack,Standard,700.0,90,10,2026-05-19,2024-03-31,0
u-00965,Employee 965,Engineering,Salesforce,Premium,19200.0,119,12,2026-05-21,2026-03-14,0
u-00966,Employee 966,Operations,Notion,Premium,1440.0,66,15,2026-05-22,2024-12-02,0
u-00966,Employee 966,Operations,Zoom,Standard,1200.0,0,0,,2024-06-17,0
u-00967,Employee 967,Marketing,Figma,Standard,1300.0,1,0,2026-04-28,2024-08-30,1
u-00967,Employee 967,Marketing,HubSpot,Standard,4500.0,77,28,2026-05-21,2024-11-08,0
u-00968,Employee 968,Marketing,Zoom,Standard,1200.0,78,26,2026-05-19,2024-01-16,0
u-00968,Employee 968,Marketing,Salesforce,Standard,12000.0,95,11,2026-05-21,2025-07-22,0
u-00969,Employee 969,Sales,Zoom,Standard,1200.0,92,25,2026-05-22,2025-10-11,0
u-00969,Employee 969,Sales,Jira,Premium,2400.0,21,15,2026-05-21,2024-11-25,0
u-00969,Employee 969,Sales,HubSpot,Standard,4500.0,48,10,2026-05-21,2024-12-30,0
u-00970,Employee 970,Finance,Zoom,Standard,1200.0,84,24,2026-05-21,2024-01-05,0
u-00970,Employee 970,Finance,Jira,Standard,1500.0,77,20,2026-05-20,2025-04-20,0
u-00971,Employee 971,Legal,Jira,Enterprise,3600.0,5,3,2026-05-08,2024-01-27,1
u-00972,Employee 972,Engineering,Slack,Premium,1120.0,113,11,2026-05-21,2024-06-27,0
u-00973,Employee 973,Marketing,Slack,Standard,700.0,51,29,2026-05-20,2026-03-27,0
u-00974,Employee 974,Design,Notion,Premium,1440.0,57,17,2026-05-22,2024-02-25,0
u-00974,Employee 974,Design,Jira,Standard,1500.0,115,18,2026-05-22,2024-03-15,0
u-00974,Employee 974,Design,Zoom,Standard,1200.0,112,19,2026-05-21,2025-12-28,0
u-00975,Employee 975,Marketing,Jira,Standard,1500.0,5,2,2026-05-17,2025-09-15,1
u-00976,Employee 976,HR,Slack,Premium,1120.0,98,27,2026-05-21,2025-08-07,0
u-00977,Employee 977,Finance,GitHub,Enterprise,4320.0,2,1,2026-05-07,2024-11-16,1
u-00977,Employee 977,Finance,Figma,Standard,1300.0,2,0,2026-05-02,2025-05-13,1
u-00977,Employee 977,Finance,Notion,Standard,900.0,116,10,2026-05-21,2024-04-19,0
u-00978,Employee 978,Sales,GitHub,Standard,1800.0,1,1,2026-05-04,2024-07-05,1
u-00978,Employee 978,Sales,Slack,Enterprise,1680.0,106,16,2026-05-20,2025-10-03,0
u-00978,Employee 978,Sales,HubSpot,Enterprise,10800.0,67,22,2026-05-21,2025-06-05,0
u-00978,Employee 978,Sales,Notion,Standard,900.0,105,19,2026-05-22,2026-04-20,0
u-00979,Employee 979,Finance,Figma,Premium,2080.0,24,21,2026-05-20,2025-06-26,0
u-00979,Employee 979,Finance,Zoom,Standard,1200.0,83,22,2026-05-20,2025-09-16,0
u-00980,Employee 980,Sales,Jira,Standard,1500.0,1,1,2026-04-25,2025-09-23,1
u-00980,Employee 980,Sales,HubSpot,Premium,7200.0,41,23,2026-05-21,2024-08-03,0
u-00981,Employee 981,Design,Slack,Standard,700.0,44,12,2026-05-22,2024-03-18,0
u-00981,Employee 981,Design,HubSpot,Premium,7200.0,16,22,2026-05-19,2024-04-01,0
u-00981,Employee 981,Design,Jira,Premium,2400.0,99,18,2026-05-22,2026-02-13,0
u-00982,Employee 982,Engineering,Salesforce,Premium,19200.0,91,16,2026-05-21,2025-12-31,0
u-00983,Employee 983,Operations,Notion,Standard,900.0,39,26,2026-05-20,2024-08-29,0
u-00983,Employee 983,Operations,Slack,Standard,700.0,112,21,2026-05-21,2024-03-16,0
u-00984,Employee 984,Design,Figma,Premium,2080.0,92,11,2026-05-20,2025-04-14,0
u-00984,Employee 984,Design,Zoom,Standard,1200.0,49,16,2026-05-19,2024-02-19,0
u-00984,Employee 984,Design,GitHub,Premium,2880.0,2,0,2026-05-09,2024-08-01,1
u-00985,Employee 985,Marketing,HubSpot,Standard,4500.0,65,26,2026-05-20,2025-03-23,0
u-00985,Employee 985,Marketing,Figma,Standard,1300.0,2,0,2026-05-06,2024-08-17,1
u-00985,Employee 985,Marketing,Salesforce,Enterprise,28800.0,69,18,2026-05-22,2025-11-20,0
u-00986,Employee 986,Sales,Slack,Standard,700.0,103,27,2026-05-19,2024-05-18,0
u-00987,Employee 987,Sales,GitHub,Standard,1800.0,3,4,2026-05-11,2026-01-19,1
u-00987,Employee 987,Sales,Slack,Standard,700.0,83,15,2026-05-20,2024-05-22,0
u-00987,Employee 987,Sales,Salesforce,Standard,12000.0,70,26,2026-05-20,2025-09-06,0
u-00988,Employee 988,Sales,Figma,Premium,2080.0,68,28,2026-05-21,2024-09-19,0
u-00988,Employee 988,Sales,GitHub,Standard,1800.0,106,27,2026-05-19,2025-04-06,0
u-00989,Employee 989,HR,Figma,Standard,1300.0,1,0,2026-04-27,2024-04-10,1
u-00990,Employee 990,Design,Figma,Standard,1300.0,79,14,2026-05-20,2026-03-02,0
u-00991,Employee 991,Engineering,Zoom,Standard,1200.0,0,0,,2024-11-29,1
u-00991,Employee 991,Engineering,HubSpot,Enterprise,10800.0,0,0,,2025-10-28,1
u-00992,Employee 992,Engineering,GitHub,Premium,2880.0,45,10,2026-05-19,2024-05-11,0
u-00992,Employee 992,Engineering,Salesforce,Standard,12000.0,2,1,2026-05-08,2025-09-05,1
u-00993,Employee 993,Finance,Zoom,Premium,1920.0,95,23,2026-05-20,2025-03-30,0
u-00993,Employee 993,Finance,GitHub,Premium,2880.0,54,27,2026-05-21,2024-07-27,0
u-00994,Employee 994,Operations,Figma,Premium,2080.0,110,10,2026-05-21,2026-03-30,0
u-00994,Employee 994,Operations,GitHub,Standard,1800.0,54,15,2026-05-22,2025-09-02,0
u-00995,Employee 995,Engineering,GitHub,Standard,1800.0,3,1,2026-04-04,2025-09-24,0
u-00995,Employee 995,Engineering,Notion,Enterprise,2160.0,94,23,2026-05-20,2026-02-14,0
u-00995,Employee 995,Engineering,Jira,Premium,2400.0,112,27,2026-05-19,2024-05-29,0
u-00995,Employee 995,Engineering,Slack,Premium,1120.0,1,0,2026-04-23,2025-12-12,1
u-00996,Employee 996,Sales,Jira,Standard,1500.0,0,0,,2025-03-16,1
u-00997,Employee 997,Engineering,Figma,Premium,2080.0,105,18,2026-05-21,2024-09-28,0
u-00998,Employee 998,Engineering,HubSpot,Premium,7200.0,36,27,2026-05-21,2024-04-03,0
u-00999,Employee 999,Sales,GitHub,Enterprise,4320.0,1,1,2026-05-01,2025-02-17,1
u-00999,Employee 999,Sales,Notion,Standard,900.0,112,24,2026-05-20,2024-07-21,0
u-01000,Employee 1000,Marketing,Slack,Standard,700.0,17,24,2026-05-20,2026-01-08,0
u-01000,Employee 1000,Marketing,Salesforce,Premium,19200.0,2,1,2026-04-07,2024-02-16,0
u-01000,Employee 1000,Marketing,Notion,Standard,900.0,105,17,2026-05-19,2024-10-11,0
u-01001,Employee 1001,Marketing,Salesforce,Standard,12000.0,41,25,2026-05-20,2024-10-22,0
u-01001,Employee 1001,Marketing,Slack,Standard,700.0,70,18,2026-05-20,2024-04-08,0
u-01002,Employee 1002,Legal,Notion,Premium,1440.0,77,26,2026-05-22,2024-02-05,0
u-01003,Employee 1003,HR,Zoom,Premium,1920.0,70,11,2026-05-20,2025-11-23,0
u-01003,Employee 1003,HR,HubSpot,Enterprise,10800.0,66,25,2026-05-21,2026-03-25,0
u-01004,Employee 1004,Marketing,GitHub,Standard,1800.0,115,17,2026-05-22,2024-05-08,0
u-01004,Employee 1004,Marketing,Notion,Standard,900.0,59,22,2026-05-19,2024-06-21,0
u-01004,Employee 1004,Marketing,Salesforce,Standard,12000.0,2,0,2026-04-26,2026-03-15,0
u-01005,Employee 1005,Sales,Notion,Premium,1440.0,82,23,2026-05-21,2024-11-03,0
u-01005,Employee 1005,Sales,Figma,Standard,1300.0,72,19,2026-05-20,2025-02-12,0
u-01005,Employee 1005,Sales,Jira,Premium,2400.0,29,25,2026-05-22,2025-06-08,0
u-01006,Employee 1006,HR,Slack,Standard,700.0,110,19,2026-05-19,2025-11-20,0
u-01006,Employee 1006,HR,Zoom,Standard,1200.0,73,20,2026-05-22,2026-03-31,0
u-01007,Employee 1007,Engineering,HubSpot,Premium,7200.0,41,29,2026-05-21,2024-01-25,0
u-01007,Employee 1007,Engineering,Jira,Premium,2400.0,18,22,2026-05-21,2026-04-11,0
u-01007,Employee 1007,Engineering,GitHub,Standard,1800.0,116,22,2026-05-19,2026-03-09,0
u-01008,Employee 1008,Operations,Salesforce,Standard,12000.0,1,0,2026-04-02,2024-11-15,0
u-01009,Employee 1009,Legal,Zoom,Premium,1920.0,1,0,2026-04-20,2024-10-01,0
u-01009,Employee 1009,Legal,HubSpot,Standard,4500.0,1,1,2026-04-04,2026-01-10,0
u-01009,Employee 1009,Legal,Slack,Premium,1120.0,78,27,2026-05-21,2026-03-12,0
u-01010,Employee 1010,HR,Slack,Standard,700.0,40,11,2026-05-22,2026-02-26,0
u-01011,Employee 1011,Engineering,Jira,Standard,1500.0,45,19,2026-05-19,2025-05-08,0
u-01011,Employee 1011,Engineering,Notion,Standard,900.0,60,14,2026-05-21,2024-03-22,0
u-01012,Employee 1012,Sales,Salesforce,Enterprise,28800.0,36,27,2026-05-19,2025-07-10,0
u-01012,Employee 1012,Sales,Figma,Enterprise,3120.0,0,0,,2024-10-26,1
u-01012,Employee 1012,Sales,HubSpot,Standard,4500.0,107,18,2026-05-20,2025-08-26,0
u-01012,Employee 1012,Sales,Slack,Standard,700.0,2,0,2026-04-23,2024-05-18,1
u-01013,Employee 1013,Sales,HubSpot,Premium,7200.0,52,14,2026-05-22,2025-04-01,0
u-01013,Employee 1013,Sales,Zoom,Standard,1200.0,85,26,2026-05-19,2026-03-29,0
u-01013,Employee 1013,Sales,Jira,Premium,2400.0,50,24,2026-05-20,2024-11-26,0
u-01014,Employee 1014,Marketing,Zoom,Standard,1200.0,48,12,2026-05-20,2025-08-27,0
u-01014,Employee 1014,Marketing,Figma,Standard,1300.0,36,27,2026-05-21,2024-09-26,0
u-01015,Employee 1015,Sales,Figma,Standard,1300.0,2,0,2026-04-24,2024-02-03,1
u-01015,Employee 1015,Sales,Slack,Standard,700.0,97,10,2026-05-21,2024-01-29,0
u-01015,Employee 1015,Sales,Zoom,Standard,1200.0,102,23,2026-05-19,2024-07-21,0
u-01016,Employee 1016,Finance,Figma,Standard,1300.0,1,1,2026-04-27,2026-04-14,1
u-01016,Employee 1016,Finance,Notion,Standard,900.0,35,25,2026-05-21,2025-09-26,0
u-01017,Employee 1017,Operations,GitHub,Standard,1800.0,67,15,2026-05-20,2026-01-11,0
u-01017,Employee 1017,Operations,Figma,Premium,2080.0,18,29,2026-05-20,2024-04-12,0
u-01017,Employee 1017,Operations,Salesforce,Premium,19200.0,58,28,2026-05-20,2023-12-12,0
u-01018,Employee 1018,Operations,Slack,Standard,700.0,1,0,2026-05-11,2024-10-01,1
u-01019,Employee 1019,Sales,Zoom,Standard,1200.0,0,0,,2026-03-18,0
u-01019,Employee 1019,Sales,Slack,Standard,700.0,45,17,2026-05-20,2026-01-29,0
u-01020,Employee 1020,Sales,Figma,Standard,1300.0,32,13,2026-05-22,2025-02-05,0
u-01021,Employee 1021,Engineering,HubSpot,Standard,4500.0,1,0,2026-04-03,2024-09-17,0
u-01021,Employee 1021,Engineering,Figma,Standard,1300.0,93,12,2026-05-21,2025-11-04,0
u-01022,Employee 1022,HR,GitHub,Standard,1800.0,66,22,2026-05-21,2025-04-02,0
u-01022,Employee 1022,HR,Zoom,Premium,1920.0,36,16,2026-05-20,2024-05-02,0
u-01022,Employee 1022,HR,Salesforce,Standard,12000.0,114,21,2026-05-21,2025-04-21,0
u-01022,Employee 1022,HR,HubSpot,Premium,7200.0,1,0,2026-05-10,2025-05-15,1
u-01023,Employee 1023,Legal,Salesforce,Enterprise,28800.0,0,0,,2025-03-02,1
u-01024,Employee 1024,Operations,Jira,Premium,2400.0,40,17,2026-05-22,2025-07-04,0
u-01025,Employee 1025,HR,GitHub,Premium,2880.0,2,1,2026-04-28,2026-02-22,1
u-01025,Employee 1025,HR,Notion,Standard,900.0,50,14,2026-05-22,2025-08-10,0
u-01026,Employee 1026,Finance,HubSpot,Standard,4500.0,1,0,2026-05-05,2024-08-09,1
u-01026,Employee 1026,Finance,Zoom,Premium,1920.0,62,17,2026-05-20,2025-10-31,0
u-01027,Employee 1027,Legal,Jira,Premium,2400.0,99,26,2026-05-19,2024-05-11,0
u-01028,Employee 1028,Finance,Zoom,Premium,1920.0,119,18,2026-05-20,2026-01-12,0
u-01028,Employee 1028,Finance,Salesforce,Standard,12000.0,6,3,2026-05-18,2026-02-11,1
u-01029,Employee 1029,Design,Salesforce,Standard,12000.0,0,0,,2025-04-02,1
u-01029,Employee 1029,Design,Slack,Premium,1120.0,116,16,2026-05-20,2025-10-23,0
u-01029,Employee 1029,Design,GitHub,Enterprise,4320.0,2,1,2026-04-23,2024-10-21,1
u-01029,Employee 1029,Design,Zoom,Premium,1920.0,105,11,2026-05-20,2025-06-12,0
u-01030,Employee 1030,Sales,Notion,Standard,900.0,90,26,2026-05-21,2024-06-05,0
u-01030,Employee 1030,Sales,Salesforce,Standard,12000.0,40,12,2026-05-19,2024-01-22,0
u-01031,Employee 1031,Design,GitHub,Premium,2880.0,35,18,2026-05-20,2026-01-15,0
u-01031,Employee 1031,Design,Salesforce,Standard,12000.0,1,0,2026-04-23,2026-02-01,1
u-01032,Employee 1032,Finance,Jira,Standard,1500.0,1,1,2026-05-03,2025-10-12,1
u-01032,Employee 1032,Finance,HubSpot,Standard,4500.0,1,0,2026-05-11,2024-10-30,1
u-01032,Employee 1032,Finance,Figma,Standard,1300.0,47,27,2026-05-21,2025-01-23,0
u-01033,Employee 1033,Sales,Zoom,Premium,1920.0,84,19,2026-05-19,2025-09-22,0
u-01033,Employee 1033,Sales,Notion,Enterprise,2160.0,53,27,2026-05-21,2024-07-20,0
u-01033,Employee 1033,Sales,HubSpot,Standard,4500.0,98,25,2026-05-22,2024-06-27,0
u-01034,Employee 1034,Engineering,Salesforce,Premium,19200.0,58,10,2026-05-21,2025-08-09,0
u-01034,Employee 1034,Engineering,Slack,Enterprise,1680.0,2,1,2026-04-19,2024-01-12,0
u-01035,Employee 1035,Design,Notion,Standard,900.0,113,29,2026-05-19,2023-12-06,0
u-01036,Employee 1036,Legal,Slack,Standard,700.0,70,18,2026-05-20,2024-10-06,0
u-01036,Employee 1036,Legal,GitHub,Standard,1800.0,107,21,2026-05-19,2024-06-18,0
u-01036,Employee 1036,Legal,Salesforce,Premium,19200.0,0,1,,2024-01-02,0
u-01037,Employee 1037,Marketing,Figma,Standard,1300.0,3,1,2026-04-21,2023-12-20,0
u-01037,Employee 1037,Marketing,Salesforce,Standard,12000.0,79,12,2026-05-19,2025-04-10,0
u-01037,Employee 1037,Marketing,GitHub,Standard,1800.0,29,26,2026-05-21,2026-04-15,0
u-01038,Employee 1038,Sales,Figma,Standard,1300.0,2,1,2026-04-26,2024-12-26,1
u-01038,Employee 1038,Sales,Notion,Standard,900.0,35,17,2026-05-20,2024-03-02,0
u-01038,Employee 1038,Sales,Slack,Standard,700.0,55,28,2026-05-21,2026-04-07,0
u-01038,Employee 1038,Sales,HubSpot,Enterprise,10800.0,98,23,2026-05-19,2024-10-20,0
u-01039,Employee 1039,HR,GitHub,Standard,1800.0,2,0,2026-05-01,2024-05-07,1
u-01040,Employee 1040,Operations,Figma,Premium,2080.0,91,18,2026-05-22,2024-08-09,0
u-01040,Employee 1040,Operations,Notion,Standard,900.0,95,13,2026-05-20,2024-02-02,0
u-01040,Employee 1040,Operations,HubSpot,Premium,7200.0,2,1,2026-03-28,2025-11-26,0
u-01041,Employee 1041,Operations,Notion,Premium,1440.0,38,17,2026-05-19,2024-03-28,0
u-01041,Employee 1041,Operations,Jira,Standard,1500.0,23,26,2026-05-20,2024-04-12,0
u-01042,Employee 1042,HR,Jira,Standard,1500.0,3,2,2026-05-13,2025-12-05,1
u-01042,Employee 1042,HR,Salesforce,Standard,12000.0,27,13,2026-05-19,2025-04-10,0
u-01042,Employee 1042,HR,Slack,Standard,700.0,2,0,2026-04-08,2025-10-16,0
u-01043,Employee 1043,Marketing,Slack,Premium,1120.0,20,10,2026-05-21,2023-12-09,0
u-01044,Employee 1044,Marketing,Slack,Standard,700.0,6,3,2026-05-15,2024-10-31,1
u-01045,Employee 1045,Marketing,HubSpot,Premium,7200.0,16,21,2026-05-21,2023-12-29,0
u-01046,Employee 1046,Legal,Notion,Standard,900.0,2,0,2026-04-27,2024-07-27,1
u-01047,Employee 1047,Design,Slack,Standard,700.0,47,11,2026-05-20,2025-03-15,0
u-01047,Employee 1047,Design,GitHub,Standard,1800.0,36,12,2026-05-22,2025-11-15,0
u-01048,Employee 1048,Operations,Jira,Premium,2400.0,102,16,2026-05-19,2026-02-23,0
u-01048,Employee 1048,Operations,HubSpot,Premium,7200.0,0,0,,2025-05-23,1
u-01048,Employee 1048,Operations,Zoom,Standard,1200.0,0,1,,2025-12-11,0
u-01049,Employee 1049,Legal,GitHub,Standard,1800.0,76,22,2026-05-19,2026-04-04,0
u-01050,Employee 1050,Engineering,Slack,Standard,700.0,111,21,2026-05-22,2024-08-16,0
u-01051,Employee 1051,Marketing,GitHub,Standard,1800.0,0,0,,2026-03-14,1
u-01051,Employee 1051,Marketing,Figma,Standard,1300.0,2,0,2026-05-10,2025-03-16,1
u-01051,Employee 1051,Marketing,Notion,Standard,900.0,96,26,2026-05-21,2025-03-15,0
u-01051,Employee 1051,Marketing,HubSpot,Premium,7200.0,37,23,2026-05-22,2025-01-16,0
u-01052,Employee 1052,Sales,Jira,Standard,1500.0,109,12,2026-05-21,2024-04-11,0
u-01052,Employee 1052,Sales,Figma,Enterprise,3120.0,17,13,2026-05-19,2026-03-11,0
u-01052,Employee 1052,Sales,Zoom,Standard,1200.0,104,21,2026-05-20,2025-06-13,0
u-01053,Employee 1053,Marketing,Slack,Premium,1120.0,101,20,2026-05-20,2025-06-30,0
u-01054,Employee 1054,Finance,Notion,Standard,900.0,48,27,2026-05-20,2025-01-10,0
u-01054,Employee 1054,Finance,Jira,Premium,2400.0,0,0,,2025-09-06,1
u-01055,Employee 1055,Sales,GitHub,Premium,2880.0,99,10,2026-05-20,2026-03-14,0
u-01055,Employee 1055,Sales,Zoom,Standard,1200.0,56,11,2026-05-19,2026-04-01,0
u-01056,Employee 1056,Marketing,Salesforce,Standard,12000.0,94,15,2026-05-19,2025-06-26,0
u-01057,Employee 1057,Design,HubSpot,Enterprise,10800.0,31,12,2026-05-22,2025-08-08,0
u-01057,Employee 1057,Design,GitHub,Standard,1800.0,2,1,2026-05-08,2025-11-02,1
u-01058,Employee 1058,Finance,Slack,Premium,1120.0,97,13,2026-05-20,2025-03-26,0
u-01058,Employee 1058,Finance,Jira,Enterprise,3600.0,42,22,2026-05-19,2024-10-01,0
u-01058,Employee 1058,Finance,Salesforce,Premium,19200.0,41,11,2026-05-19,2025-03-09,0
u-01058,Employee 1058,Finance,HubSpot,Premium,7200.0,114,22,2026-05-22,2025-09-22,0
u-01059,Employee 1059,Engineering,Salesforce,Standard,12000.0,19,12,2026-05-19,2024-05-09,0
u-01059,Employee 1059,Engineering,HubSpot,Premium,7200.0,0,0,,2025-02-27,1
u-01060,Employee 1060,Finance,Zoom,Standard,1200.0,73,26,2026-05-19,2026-03-03,0
u-01061,Employee 1061,Finance,Figma,Standard,1300.0,1,1,2026-05-05,2024-02-16,1
u-01062,Employee 1062,Operations,Slack,Standard,700.0,92,18,2026-05-20,2025-04-25,0
u-01062,Employee 1062,Operations,GitHub,Standard,1800.0,1,1,2026-03-27,2023-12-08,0
u-01062,Employee 1062,Operations,Figma,Premium,2080.0,1,0,2026-05-11,2026-03-18,1
u-01063,Employee 1063,HR,Slack,Standard,700.0,50,22,2026-05-22,2025-09-13,0
u-01063,Employee 1063,HR,Salesforce,Standard,12000.0,17,13,2026-05-21,2025-10-06,0
u-01064,Employee 1064,Engineering,Jira,Standard,1500.0,28,14,2026-05-22,2025-03-31,0
u-01064,Employee 1064,Engineering,Notion,Enterprise,2160.0,94,13,2026-05-19,2024-01-19,0
u-01064,Employee 1064,Engineering,HubSpot,Premium,7200.0,88,28,2026-05-21,2025-01-19,0
u-01065,Employee 1065,Marketing,Slack,Premium,1120.0,117,12,2026-05-20,2024-03-02,0
u-01066,Employee 1066,Operations,Slack,Standard,700.0,87,19,2026-05-19,2024-05-09,0
u-01066,Employee 1066,Operations,Salesforce,Enterprise,28800.0,89,29,2026-05-20,2025-11-14,0
u-01067,Employee 1067,Legal,Salesforce,Premium,19200.0,19,19,2026-05-20,2025-07-07,0
u-01067,Employee 1067,Legal,Slack,Standard,700.0,107,16,2026-05-19,2026-01-29,0
u-01068,Employee 1068,Design,Figma,Standard,1300.0,80,18,2026-05-20,2025-11-11,0
u-01068,Employee 1068,Design,Jira,Premium,2400.0,118,11,2026-05-21,2024-08-21,0
u-01068,Employee 1068,Design,Salesforce,Standard,12000.0,61,29,2026-05-20,2025-08-23,0
u-01069,Employee 1069,Design,Figma,Standard,1300.0,87,26,2026-05-19,2024-04-02,0
u-01069,Employee 1069,Design,Slack,Standard,700.0,2,0,2026-05-09,2024-05-04,1
u-01069,Employee 1069,Design,Zoom,Premium,1920.0,27,27,2026-05-19,2024-08-26,0
u-01069,Employee 1069,Design,HubSpot,Standard,4500.0,0,0,,2024-08-22,1
u-01070,Employee 1070,Marketing,GitHub,Premium,2880.0,1,1,2026-04-03,2025-11-18,0
u-01071,Employee 1071,HR,HubSpot,Standard,4500.0,91,14,2026-05-21,2025-11-28,0
u-01071,Employee 1071,HR,Slack,Standard,700.0,18,15,2026-05-19,2023-12-17,0
u-01072,Employee 1072,Sales,Jira,Enterprise,3600.0,0,0,,2025-11-13,1
u-01073,Employee 1073,HR,HubSpot,Standard,4500.0,0,0,,2024-07-13,1
u-01073,Employee 1073,HR,Jira,Standard,1500.0,1,0,2026-05-07,2025-09-08,1
u-01074,Employee 1074,Legal,Salesforce,Standard,12000.0,1,0,2026-05-08,2026-04-07,1
u-01075,Employee 1075,Engineering,GitHub,Standard,1800.0,76,17,2026-05-19,2026-01-04,0
u-01075,Employee 1075,Engineering,Jira,Standard,1500.0,2,1,2026-04-22,2026-02-09,0
u-01075,Employee 1075,Engineering,Slack,Premium,1120.0,83,13,2026-05-19,2025-04-09,0
u-01076,Employee 1076,Design,Jira,Premium,2400.0,34,24,2026-05-20,2025-01-03,0
u-01076,Employee 1076,Design,Notion,Standard,900.0,101,26,2026-05-22,2026-04-11,0
u-01076,Employee 1076,Design,GitHub,Standard,1800.0,2,0,2026-05-10,2026-04-06,1
u-01077,Employee 1077,Finance,Salesforce,Premium,19200.0,1,1,2026-05-07,2025-09-28,1
u-01078,Employee 1078,Design,Notion,Standard,900.0,83,24,2026-05-19,2025-07-13,0
u-01079,Employee 1079,Legal,HubSpot,Premium,7200.0,0,0,,2024-10-26,1
u-01080,Employee 1080,Operations,Notion,Premium,1440.0,3,1,2026-03-26,2024-03-11,0
u-01080,Employee 1080,Operations,Jira,Standard,1500.0,118,14,2026-05-21,2024-04-26,0
u-01081,Employee 1081,HR,Zoom,Premium,1920.0,102,21,2026-05-21,2025-06-04,0
u-01081,Employee 1081,HR,Salesforce,Standard,12000.0,2,1,2026-05-07,2026-03-26,1
u-01082,Employee 1082,Operations,Jira,Premium,2400.0,0,0,,2024-11-23,1
u-01082,Employee 1082,Operations,Salesforce,Premium,19200.0,103,25,2026-05-22,2025-09-22,0
u-01083,Employee 1083,HR,Salesforce,Standard,12000.0,31,25,2026-05-19,2025-03-18,0
u-01083,Employee 1083,HR,Figma,Standard,1300.0,87,18,2026-05-22,2024-04-03,0
u-01084,Employee 1084,Legal,Notion,Standard,900.0,96,15,2026-05-21,2026-01-30,0
u-01084,Employee 1084,Legal,Figma,Premium,2080.0,2,1,2026-04-24,2024-11-21,1
u-01085,Employee 1085,Finance,Zoom,Premium,1920.0,38,21,2026-05-21,2024-03-10,0
u-01085,Employee 1085,Finance,Salesforce,Standard,12000.0,73,21,2026-05-19,2025-08-27,0
u-01085,Employee 1085,Finance,Slack,Premium,1120.0,89,22,2026-05-20,2024-09-30,0
u-01086,Employee 1086,Finance,GitHub,Premium,2880.0,19,28,2026-05-22,2025-02-21,0
u-01086,Employee 1086,Finance,HubSpot,Standard,4500.0,96,12,2026-05-20,2024-02-09,0
u-01087,Employee 1087,Sales,Jira,Standard,1500.0,103,10,2026-05-19,2024-09-29,0
u-01087,Employee 1087,Sales,GitHub,Standard,1800.0,109,12,2026-05-22,2024-07-17,0
u-01087,Employee 1087,Sales,HubSpot,Premium,7200.0,1,1,2026-05-07,2026-01-27,1
u-01088,Employee 1088,Operations,Zoom,Standard,1200.0,99,16,2026-05-22,2025-06-08,0
u-01088,Employee 1088,Operations,Slack,Premium,1120.0,87,12,2026-05-19,2024-10-06,0
u-01088,Employee 1088,Operations,Figma,Enterprise,3120.0,3,4,2026-05-15,2024-06-04,1
u-01089,Employee 1089,Operations,Notion,Standard,900.0,18,16,2026-05-20,2024-04-23,0
u-01089,Employee 1089,Operations,GitHub,Standard,1800.0,33,21,2026-05-19,2024-08-11,0
u-01090,Employee 1090,Sales,Notion,Standard,900.0,65,29,2026-05-22,2024-02-16,0
u-01090,Employee 1090,Sales,GitHub,Premium,2880.0,54,11,2026-05-21,2025-04-18,0
u-01091,Employee 1091,Marketing,Jira,Premium,2400.0,20,17,2026-05-19,2025-06-04,0
u-01091,Employee 1091,Marketing,Figma,Premium,2080.0,93,10,2026-05-22,2024-05-18,0
u-01092,Employee 1092,Legal,GitHub,Premium,2880.0,31,26,2026-05-19,2024-04-09,0
u-01092,Employee 1092,Legal,Slack,Premium,1120.0,82,19,2026-05-20,2024-06-09,0
u-01093,Employee 1093,Legal,Salesforce,Standard,12000.0,99,29,2026-05-22,2024-11-07,0
u-01094,Employee 1094,Engineering,Salesforce,Premium,19200.0,2,1,2026-05-11,2026-03-23,1
u-01094,Employee 1094,Engineering,Slack,Enterprise,1680.0,36,13,2026-05-20,2025-05-15,0
u-01094,Employee 1094,Engineering,GitHub,Standard,1800.0,66,20,2026-05-19,2024-01-13,0
u-01095,Employee 1095,Finance,Salesforce,Standard,12000.0,2,1,2026-04-27,2025-03-04,1
u-01095,Employee 1095,Finance,GitHub,Standard,1800.0,0,0,,2026-02-27,1
u-01096,Employee 1096,Legal,Salesforce,Enterprise,28800.0,1,0,2026-04-28,2024-08-12,1
u-01096,Employee 1096,Legal,Zoom,Standard,1200.0,57,13,2026-05-19,2025-09-11,0
u-01096,Employee 1096,Legal,GitHub,Enterprise,4320.0,0,0,,2025-01-23,1
u-01096,Employee 1096,Legal,Slack,Standard,700.0,37,21,2026-05-20,2025-04-18,0
u-01097,Employee 1097,Marketing,Notion,Standard,900.0,101,28,2026-05-20,2024-07-14,0
u-01097,Employee 1097,Marketing,HubSpot,Premium,7200.0,27,19,2026-05-20,2025-04-12,0
u-01098,Employee 1098,Marketing,Notion,Premium,1440.0,1,0,2026-05-05,2025-11-19,1
u-01098,Employee 1098,Marketing,Salesforce,Standard,12000.0,97,16,2026-05-21,2025-01-20,0
u-01099,Employee 1099,Sales,Zoom,Standard,1200.0,1,1,2026-05-05,2025-06-21,1
u-01100,Employee 1100,Marketing,Slack,Standard,700.0,102,29,2026-05-21,2025-07-06,0
u-01100,Employee 1100,Marketing,Figma,Enterprise,3120.0,87,19,2026-05-21,2024-02-05,0
u-01101,Employee 1101,Operations,Slack,Standard,700.0,2,1,2026-05-12,2025-11-06,1
u-01101,Employee 1101,Operations,Zoom,Standard,1200.0,45,29,2026-05-21,2025-01-11,0
u-01101,Employee 1101,Operations,Notion,Premium,1440.0,0,0,,2026-03-01,1
u-01101,Employee 1101,Operations,Jira,Standard,1500.0,72,14,2026-05-22,2024-08-16,0
u-01102,Employee 1102,Engineering,Notion,Standard,900.0,59,15,2026-05-22,2024-10-04,0
u-01102,Employee 1102,Engineering,Zoom,Premium,1920.0,99,21,2026-05-22,2025-08-21,0
u-01102,Employee 1102,Engineering,Figma,Standard,1300.0,109,22,2026-05-20,2024-05-22,0
u-01103,Employee 1103,Marketing,Zoom,Standard,1200.0,38,13,2026-05-21,2024-04-16,0
u-01103,Employee 1103,Marketing,Notion,Premium,1440.0,47,17,2026-05-22,2026-01-13,0
u-01103,Employee 1103,Marketing,Jira,Standard,1500.0,62,15,2026-05-20,2025-04-01,0
u-01104,Employee 1104,Legal,Notion,Standard,900.0,76,26,2026-05-22,2025-01-22,0
u-01104,Employee 1104,Legal,Slack,Premium,1120.0,70,14,2026-05-19,2023-12-25,0
u-01105,Employee 1105,Operations,Jira,Enterprise,3600.0,114,10,2026-05-20,2025-12-02,0
u-01106,Employee 1106,Marketing,Figma,Enterprise,3120.0,66,14,2026-05-19,2024-11-13,0
u-01106,Employee 1106,Marketing,Zoom,Standard,1200.0,78,25,2026-05-19,2024-05-19,0
u-01107,Employee 1107,HR,Zoom,Enterprise,2880.0,112,15,2026-05-22,2025-01-29,0
u-01107,Employee 1107,HR,Slack,Standard,700.0,33,11,2026-05-20,2024-11-04,0
u-01108,Employee 1108,Sales,Figma,Enterprise,3120.0,4,2,2026-05-17,2024-11-26,1
u-01108,Employee 1108,Sales,HubSpot,Standard,4500.0,23,21,2026-05-22,2025-06-17,0
u-01108,Employee 1108,Sales,GitHub,Enterprise,4320.0,97,13,2026-05-21,2026-01-19,0
u-01109,Employee 1109,Sales,Zoom,Premium,1920.0,77,29,2026-05-20,2024-11-28,0
u-01110,Employee 1110,Operations,Jira,Enterprise,3600.0,1,0,2026-04-14,2025-08-27,0
u-01110,Employee 1110,Operations,Notion,Enterprise,2160.0,1,0,2026-04-27,2025-11-21,0
u-01110,Employee 1110,Operations,GitHub,Standard,1800.0,19,29,2026-05-22,2024-05-08,0
u-01111,Employee 1111,Engineering,HubSpot,Standard,4500.0,56,13,2026-05-21,2024-10-14,0
u-01111,Employee 1111,Engineering,Slack,Standard,700.0,28,27,2026-05-19,2025-08-18,0
u-01111,Employee 1111,Engineering,Zoom,Standard,1200.0,102,27,2026-05-22,2024-04-08,0
u-01112,Employee 1112,Engineering,Jira,Premium,2400.0,84,10,2026-05-19,2024-09-22,0
u-01112,Employee 1112,Engineering,Zoom,Standard,1200.0,100,12,2026-05-21,2025-11-26,0
u-01112,Employee 1112,Engineering,Figma,Premium,2080.0,118,19,2026-05-19,2024-10-22,0
u-01112,Employee 1112,Engineering,Slack,Standard,700.0,112,24,2026-05-21,2024-02-05,0
u-01113,Employee 1113,Engineering,Notion,Standard,900.0,93,12,2026-05-20,2025-12-05,0
u-01114,Employee 1114,Legal,Salesforce,Premium,19200.0,118,11,2026-05-21,2025-08-05,0
u-01114,Employee 1114,Legal,Zoom,Standard,1200.0,34,20,2026-05-21,2024-04-04,0
u-01114,Employee 1114,Legal,Slack,Standard,700.0,110,29,2026-05-22,2024-11-30,0
u-01114,Employee 1114,Legal,Notion,Enterprise,2160.0,94,10,2026-05-21,2024-09-10,0
u-01115,Employee 1115,Engineering,Notion,Standard,900.0,79,18,2026-05-21,2024-01-12,0
u-01115,Employee 1115,Engineering,Zoom,Standard,1200.0,41,26,2026-05-20,2025-04-14,0
u-01115,Employee 1115,Engineering,Salesforce,Standard,12000.0,75,18,2026-05-20,2024-02-12,0
u-01115,Employee 1115,Engineering,HubSpot,Enterprise,10800.0,1,1,2026-05-07,2025-01-02,1
u-01116,Employee 1116,Sales,Figma,Standard,1300.0,107,24,2026-05-22,2025-01-15,0
u-01116,Employee 1116,Sales,Jira,Premium,2400.0,112,15,2026-05-22,2025-09-13,0
u-01116,Employee 1116,Sales,Notion,Premium,1440.0,94,26,2026-05-19,2024-12-09,0
u-01117,Employee 1117,Design,Zoom,Standard,1200.0,75,18,2026-05-20,2024-10-05,0
u-01118,Employee 1118,Design,HubSpot,Standard,4500.0,79,29,2026-05-21,2024-12-25,0
u-01119,Employee 1119,Design,Notion,Premium,1440.0,118,16,2026-05-19,2024-08-15,0
u-01120,Employee 1120,Design,Slack,Premium,1120.0,66,12,2026-05-21,2025-01-22,0
u-01121,Employee 1121,Legal,Jira,Standard,1500.0,64,15,2026-05-20,2024-08-11,0
u-01121,Employee 1121,Legal,Slack,Standard,700.0,39,24,2026-05-21,2024-09-27,0
u-01122,Employee 1122,Legal,Slack,Standard,700.0,56,29,2026-05-21,2024-10-12,0
u-01122,Employee 1122,Legal,Figma,Standard,1300.0,17,18,2026-05-19,2026-04-19,0
u-01123,Employee 1123,Sales,GitHub,Premium,2880.0,80,11,2026-05-21,2026-01-13,0
u-01123,Employee 1123,Sales,Salesforce,Standard,12000.0,90,27,2026-05-21,2026-03-14,0
u-01123,Employee 1123,Sales,Zoom,Enterprise,2880.0,2,0,2026-04-23,2024-03-18,1
u-01124,Employee 1124,HR,Slack,Premium,1120.0,16,16,2026-05-21,2024-10-08,0
u-01124,Employee 1124,HR,Salesforce,Premium,19200.0,34,20,2026-05-19,2026-01-04,0
u-01125,Employee 1125,Operations,Zoom,Enterprise,2880.0,81,20,2026-05-19,2025-02-12,0
u-01125,Employee 1125,Operations,Jira,Premium,2400.0,57,29,2026-05-19,2024-01-01,0
u-01126,Employee 1126,Marketing,Slack,Premium,1120.0,48,10,2026-05-20,2024-01-03,0
u-01126,Employee 1126,Marketing,GitHub,Standard,1800.0,69,16,2026-05-19,2025-06-25,0
u-01127,Employee 1127,Engineering,Notion,Enterprise,2160.0,71,27,2026-05-20,2026-02-16,0
u-01127,Employee 1127,Engineering,GitHub,Standard,1800.0,1,1,2026-03-31,2024-05-25,0
u-01127,Employee 1127,Engineering,Figma,Standard,1300.0,27,21,2026-05-22,2024-10-13,0
u-01127,Employee 1127,Engineering,Jira,Standard,1500.0,87,17,2026-05-20,2025-07-16,0
u-01128,Employee 1128,Sales,Figma,Standard,1300.0,95,18,2026-05-20,2025-08-11,0
u-01128,Employee 1128,Sales,Notion,Standard,900.0,0,1,,2026-01-23,0
u-01129,Employee 1129,Marketing,Figma,Standard,1300.0,2,0,2026-05-12,2024-08-19,1
u-01129,Employee 1129,Marketing,Slack,Standard,700.0,23,13,2026-05-21,2024-03-09,0
u-01129,Employee 1129,Marketing,Salesforce,Standard,12000.0,71,10,2026-05-21,2025-12-16,0
u-01129,Employee 1129,Marketing,Notion,Standard,900.0,2,0,2026-04-14,2025-01-21,0
u-01130,Employee 1130,Operations,Jira,Standard,1500.0,40,13,2026-05-21,2025-12-07,0
u-01130,Employee 1130,Operations,Slack,Standard,700.0,41,28,2026-05-22,2024-05-19,0
u-01131,Employee 1131,Design,GitHub,Standard,1800.0,22,14,2026-05-19,2024-08-27,0
u-01131,Employee 1131,Design,Notion,Standard,900.0,21,15,2026-05-21,2025-09-11,0
u-01131,Employee 1131,Design,Zoom,Standard,1200.0,26,14,2026-05-19,2024-10-15,0
u-01132,Employee 1132,HR,Jira,Enterprise,3600.0,1,0,2026-04-25,2025-10-04,1
u-01132,Employee 1132,HR,Salesforce,Standard,12000.0,33,19,2026-05-22,2024-07-01,0
u-01132,Employee 1132,HR,Figma,Premium,2080.0,86,14,2026-05-22,2026-04-17,0
u-01133,Employee 1133,Design,HubSpot,Enterprise,10800.0,1,1,2026-05-08,2025-12-30,1
u-01133,Employee 1133,Design,Slack,Standard,700.0,67,26,2026-05-22,2023-12-31,0
u-01134,Employee 1134,Sales,Notion,Premium,1440.0,64,15,2026-05-21,2024-04-07,0
u-01134,Employee 1134,Sales,Salesforce,Standard,12000.0,0,0,,2025-06-05,1
u-01135,Employee 1135,Design,Slack,Standard,700.0,66,24,2026-05-19,2025-02-03,0
u-01136,Employee 1136,HR,HubSpot,Enterprise,10800.0,1,0,2026-05-09,2025-04-23,1
u-01136,Employee 1136,HR,Slack,Standard,700.0,73,26,2026-05-21,2024-06-12,0
u-01137,Employee 1137,Engineering,Salesforce,Premium,19200.0,26,22,2026-05-20,2024-04-28,0
u-01137,Employee 1137,Engineering,Slack,Standard,700.0,74,29,2026-05-20,2026-03-24,0
u-01138,Employee 1138,Marketing,GitHub,Standard,1800.0,1,1,2026-05-10,2024-05-24,1
u-01138,Employee 1138,Marketing,Salesforce,Standard,12000.0,115,23,2026-05-21,2024-12-16,0
u-01139,Employee 1139,Legal,Slack,Premium,1120.0,44,18,2026-05-20,2024-01-05,0
u-01139,Employee 1139,Legal,Zoom,Enterprise,2880.0,50,14,2026-05-21,2024-01-31,0
u-01140,Employee 1140,Design,HubSpot,Standard,4500.0,0,0,,2024-11-01,1
u-01140,Employee 1140,Design,Jira,Standard,1500.0,2,0,2026-05-12,2023-12-26,1
u-01140,Employee 1140,Design,Notion,Premium,1440.0,106,29,2026-05-20,2026-01-24,0
u-01141,Employee 1141,HR,Slack,Premium,1120.0,48,17,2026-05-20,2024-04-27,0
u-01141,Employee 1141,HR,Notion,Premium,1440.0,0,0,,2024-11-20,1
u-01142,Employee 1142,Design,Zoom,Standard,1200.0,19,18,2026-05-20,2023-12-15,0
u-01143,Employee 1143,Operations,Figma,Standard,1300.0,2,1,2026-05-11,2024-03-17,1
u-01144,Employee 1144,Operations,Zoom,Premium,1920.0,3,0,2026-03-28,2025-01-13,0
u-01144,Employee 1144,Operations,Jira,Enterprise,3600.0,4,2,2026-05-20,2024-10-27,1
u-01145,Employee 1145,Sales,GitHub,Premium,2880.0,59,26,2026-05-19,2024-10-02,0
u-01145,Employee 1145,Sales,Jira,Standard,1500.0,96,11,2026-05-21,2024-10-25,0
u-01145,Employee 1145,Sales,Figma,Premium,2080.0,30,10,2026-05-22,2024-04-25,0
u-01146,Employee 1146,HR,Jira,Standard,1500.0,61,16,2026-05-19,2025-08-28,0
u-01147,Employee 1147,HR,Salesforce,Premium,19200.0,2,1,2026-04-30,2025-08-13,1
u-01148,Employee 1148,Marketing,Slack,Standard,700.0,58,29,2026-05-20,2025-02-07,0
u-01148,Employee 1148,Marketing,Salesforce,Standard,12000.0,2,1,2026-03-28,2024-10-03,0
u-01148,Employee 1148,Marketing,Notion,Premium,1440.0,113,29,2026-05-20,2026-03-19,0
u-01149,Employee 1149,Operations,Figma,Standard,1300.0,0,0,,2025-04-15,1
u-01149,Employee 1149,Operations,HubSpot,Standard,4500.0,5,2,2026-05-11,2024-11-05,1
u-01150,Employee 1150,Finance,Salesforce,Standard,12000.0,1,1,2026-05-03,2024-07-17,1
u-01151,Employee 1151,Design,Figma,Enterprise,3120.0,33,26,2026-05-20,2024-01-30,0
u-01151,Employee 1151,Design,GitHub,Standard,1800.0,0,0,,2023-12-17,1
u-01152,Employee 1152,Legal,Jira,Premium,2400.0,46,17,2026-05-22,2025-04-19,0
u-01152,Employee 1152,Legal,HubSpot,Standard,4500.0,94,13,2026-05-22,2025-06-01,0
u-01152,Employee 1152,Legal,Zoom,Premium,1920.0,84,16,2026-05-21,2025-02-15,0
u-01153,Employee 1153,Engineering,Figma,Standard,1300.0,58,29,2026-05-21,2024-12-19,0
u-01153,Employee 1153,Engineering,HubSpot,Standard,4500.0,0,0,,2025-11-22,1
u-01154,Employee 1154,Sales,Zoom,Standard,1200.0,0,0,,2023-12-13,1
u-01154,Employee 1154,Sales,Salesforce,Premium,19200.0,109,23,2026-05-19,2025-01-20,0
u-01154,Employee 1154,Sales,Jira,Standard,1500.0,0,0,,2026-01-07,1
u-01155,Employee 1155,Marketing,Zoom,Premium,1920.0,90,19,2026-05-20,2024-08-02,0
u-01155,Employee 1155,Marketing,Slack,Enterprise,1680.0,112,29,2026-05-20,2024-08-03,0
u-01155,Employee 1155,Marketing,Figma,Premium,2080.0,96,10,2026-05-21,2024-12-15,0
u-01156,Employee 1156,Marketing,Salesforce,Standard,12000.0,69,27,2026-05-22,2025-01-04,0
u-01156,Employee 1156,Marketing,Jira,Standard,1500.0,69,27,2026-05-19,2024-11-26,0
u-01156,Employee 1156,Marketing,HubSpot,Enterprise,10800.0,23,10,2026-05-19,2026-03-02,0
u-01157,Employee 1157,Design,Jira,Standard,1500.0,37,15,2026-05-19,2024-08-08,0
u-01157,Employee 1157,Design,Figma,Standard,1300.0,36,18,2026-05-19,2026-03-05,0
u-01157,Employee 1157,Design,Notion,Enterprise,2160.0,54,11,2026-05-20,2024-02-13,0
u-01157,Employee 1157,Design,Slack,Standard,700.0,1,1,2026-05-10,2024-04-24,1
u-01158,Employee 1158,HR,Notion,Enterprise,2160.0,1,0,2026-05-01,2024-05-28,0
u-01158,Employee 1158,HR,HubSpot,Premium,7200.0,2,1,2026-05-08,2026-02-11,1
u-01159,Employee 1159,Engineering,Slack,Standard,700.0,87,28,2026-05-22,2026-02-01,0
u-01160,Employee 1160,Design,Figma,Standard,1300.0,111,11,2026-05-20,2024-09-26,0
u-01160,Employee 1160,Design,GitHub,Standard,1800.0,2,1,2026-04-27,2026-02-21,1
u-01161,Employee 1161,Operations,GitHub,Standard,1800.0,26,29,2026-05-21,2025-01-26,0
u-01161,Employee 1161,Operations,HubSpot,Standard,4500.0,24,19,2026-05-20,2026-03-02,0
u-01162,Employee 1162,Legal,Salesforce,Standard,12000.0,58,18,2026-05-20,2025-02-20,0
u-01163,Employee 1163,Design,Slack,Standard,700.0,90,26,2026-05-20,2025-07-08,0
u-01163,Employee 1163,Design,Jira,Standard,1500.0,54,22,2026-05-22,2026-01-10,0
u-01164,Employee 1164,Marketing,Zoom,Premium,1920.0,119,15,2026-05-19,2024-11-02,0
u-01165,Employee 1165,Engineering,Slack,Standard,700.0,80,19,2026-05-20,2024-02-02,0
u-01165,Employee 1165,Engineering,GitHub,Standard,1800.0,18,20,2026-05-20,2025-09-02,0
u-01166,Employee 1166,Engineering,GitHub,Standard,1800.0,59,24,2026-05-20,2025-11-11,0
u-01167,Employee 1167,Operations,Figma,Standard,1300.0,0,0,,2024-12-12,1
u-01167,Employee 1167,Operations,Zoom,Standard,1200.0,80,21,2026-05-22,2024-09-26,0
u-01167,Employee 1167,Operations,Jira,Standard,1500.0,102,21,2026-05-22,2024-06-27,0
u-01168,Employee 1168,Legal,HubSpot,Standard,4500.0,0,0,,2024-05-17,0
u-01168,Employee 1168,Legal,Salesforce,Standard,12000.0,56,24,2026-05-21,2025-01-10,0
u-01169,Employee 1169,Marketing,GitHub,Standard,1800.0,1,0,2026-05-02,2024-02-12,1
u-01169,Employee 1169,Marketing,Jira,Standard,1500.0,29,15,2026-05-19,2024-08-31,0
u-01170,Employee 1170,Marketing,Figma,Standard,1300.0,49,12,2026-05-20,2025-01-22,0
u-01170,Employee 1170,Marketing,Salesforce,Premium,19200.0,106,22,2026-05-20,2025-08-15,0
u-01170,Employee 1170,Marketing,Jira,Premium,2400.0,7,4,2026-05-08,2025-04-12,1
u-01170,Employee 1170,Marketing,Zoom,Standard,1200.0,52,18,2026-05-21,2025-05-06,0
u-01171,Employee 1171,Finance,Salesforce,Standard,12000.0,17,28,2026-05-19,2024-07-05,0
u-01171,Employee 1171,Finance,Notion,Standard,900.0,43,12,2026-05-20,2025-10-26,0
u-01171,Employee 1171,Finance,Jira,Standard,1500.0,0,0,,2025-03-10,1
u-01171,Employee 1171,Finance,Zoom,Standard,1200.0,90,25,2026-05-20,2024-09-12,0
u-01172,Employee 1172,Operations,Salesforce,Standard,12000.0,2,0,2026-04-28,2024-04-22,1
u-01172,Employee 1172,Operations,Zoom,Premium,1920.0,3,0,2026-04-23,2025-11-02,0
u-01172,Employee 1172,Operations,Figma,Standard,1300.0,2,0,2026-04-09,2025-04-16,0
u-01173,Employee 1173,HR,GitHub,Standard,1800.0,114,29,2026-05-20,2025-05-26,0
u-01174,Employee 1174,Legal,Slack,Standard,700.0,1,1,2026-05-02,2025-05-15,0
u-01174,Employee 1174,Legal,Figma,Standard,1300.0,114,16,2026-05-20,2025-06-05,0
u-01174,Employee 1174,Legal,HubSpot,Standard,4500.0,0,0,,2024-11-09,1
u-01175,Employee 1175,Marketing,GitHub,Standard,1800.0,0,0,,2025-08-02,1
u-01176,Employee 1176,Legal,Notion,Standard,900.0,68,13,2026-05-20,2025-09-11,0
u-01176,Employee 1176,Legal,Zoom,Standard,1200.0,43,14,2026-05-19,2024-11-16,0
u-01177,Employee 1177,Design,Slack,Enterprise,1680.0,16,27,2026-05-20,2024-02-02,0
u-01177,Employee 1177,Design,HubSpot,Premium,7200.0,3,1,2026-03-27,2025-12-26,0
u-01178,Employee 1178,Legal,Jira,Standard,1500.0,5,2,2026-05-20,2026-01-23,1
u-01179,Employee 1179,Design,HubSpot,Standard,4500.0,24,11,2026-05-19,2024-05-08,0
u-01180,Employee 1180,Operations,Salesforce,Premium,19200.0,88,22,2026-05-21,2024-12-05,0
u-01180,Employee 1180,Operations,GitHub,Standard,1800.0,87,11,2026-05-21,2024-06-30,0
u-01180,Employee 1180,Operations,Slack,Standard,700.0,28,24,2026-05-21,2025-08-12,0
u-01181,Employee 1181,Engineering,GitHub,Premium,2880.0,90,29,2026-05-21,2025-09-15,0
u-01182,Employee 1182,Design,Zoom,Enterprise,2880.0,46,13,2026-05-19,2023-12-21,0
u-01182,Employee 1182,Design,Figma,Standard,1300.0,49,23,2026-05-22,2025-03-26,0
u-01183,Employee 1183,Sales,Zoom,Standard,1200.0,20,18,2026-05-22,2023-12-12,0
u-01183,Employee 1183,Sales,Slack,Standard,700.0,27,20,2026-05-21,2024-08-02,0
u-01183,Employee 1183,Sales,Figma,Premium,2080.0,2,0,2026-04-29,2024-03-15,1
u-01184,Employee 1184,Sales,Jira,Standard,1500.0,21,21,2026-05-21,2025-11-02,0
u-01184,Employee 1184,Sales,Salesforce,Standard,12000.0,89,21,2026-05-20,2024-05-09,0
u-01185,Employee 1185,Legal,Salesforce,Enterprise,28800.0,37,27,2026-05-19,2023-12-12,0
u-01185,Employee 1185,Legal,Zoom,Standard,1200.0,0,0,,2026-04-12,1
u-01186,Employee 1186,Finance,GitHub,Standard,1800.0,33,25,2026-05-19,2024-04-09,0
u-01187,Employee 1187,Operations,HubSpot,Enterprise,10800.0,0,0,,2024-10-05,1
u-01188,Employee 1188,Design,Slack,Enterprise,1680.0,38,19,2026-05-20,2024-06-04,0
u-01188,Employee 1188,Design,Notion,Premium,1440.0,54,13,2026-05-22,2024-05-04,0
u-01189,Employee 1189,Sales,Jira,Standard,1500.0,48,27,2026-05-21,2025-07-02,0
u-01189,Employee 1189,Sales,Zoom,Standard,1200.0,27,28,2026-05-20,2026-04-13,0
u-01190,Employee 1190,Legal,HubSpot,Enterprise,10800.0,20,26,2026-05-19,2025-06-21,0
u-01190,Employee 1190,Legal,Slack,Standard,700.0,60,24,2026-05-20,2025-12-17,0
u-01190,Employee 1190,Legal,Jira,Standard,1500.0,17,16,2026-05-21,2024-04-08,0
u-01191,Employee 1191,Operations,Notion,Standard,900.0,109,19,2026-05-21,2025-11-01,0
u-01191,Employee 1191,Operations,Slack,Standard,700.0,1,0,2026-05-07,2025-09-26,1
u-01192,Employee 1192,HR,Slack,Standard,700.0,23,12,2026-05-22,2025-05-27,0
u-01193,Employee 1193,HR,Salesforce,Premium,19200.0,3,0,2026-04-13,2025-08-26,0
u-01193,Employee 1193,HR,Jira,Enterprise,3600.0,1,1,2026-05-07,2026-03-18,1
u-01194,Employee 1194,Sales,Zoom,Standard,1200.0,40,25,2026-05-19,2026-04-08,0
u-01195,Employee 1195,Finance,Jira,Standard,1500.0,0,0,,2025-12-08,1
u-01196,Employee 1196,Finance,Jira,Premium,2400.0,2,1,2026-05-08,2026-03-12,1
u-01196,Employee 1196,Finance,Zoom,Standard,1200.0,66,12,2026-05-22,2024-01-22,0
u-01197,Employee 1197,Design,Salesforce,Enterprise,28800.0,43,22,2026-05-22,2026-02-23,0
u-01197,Employee 1197,Design,Figma,Premium,2080.0,54,10,2026-05-19,2025-08-12,0
u-01197,Employee 1197,Design,Notion,Premium,1440.0,54,21,2026-05-22,2024-11-24,0
u-01198,Employee 1198,Sales,HubSpot,Standard,4500.0,23,29,2026-05-19,2024-11-28,0
u-01198,Employee 1198,Sales,Slack,Standard,700.0,115,28,2026-05-22,2024-05-21,0
u-01199,Employee 1199,Marketing,Salesforce,Premium,19200.0,1,1,2026-04-30,2025-11-01,0
u-01200,Employee 1200,Finance,GitHub,Standard,1800.0,94,16,2026-05-19,2025-02-01,0
u-01200,Employee 1200,Finance,HubSpot,Standard,4500.0,94,27,2026-05-20,2025-09-03,0
u-01200,Employee 1200,Finance,Zoom,Standard,1200.0,21,25,2026-05-20,2023-12-17,0
u-01200,Employee 1200,Finance,Notion,Standard,900.0,68,14,2026-05-20,2026-01-13,0
u-01201,Employee 1201,Design,Figma,Standard,1300.0,75,15,2026-05-20,2025-11-06,0
u-01201,Employee 1201,Design,HubSpot,Standard,4500.0,39,28,2026-05-19,2024-12-02,0
u-01201,Employee 1201,Design,Zoom,Standard,1200.0,29,22,2026-05-20,2024-04-14,0
u-01201,Employee 1201,Design,Jira,Standard,1500.0,3,1,2026-04-05,2025-05-06,0
u-01202,Employee 1202,HR,Jira,Premium,2400.0,5,4,2026-05-13,2025-07-14,1
u-01202,Employee 1202,HR,HubSpot,Standard,4500.0,40,29,2026-05-19,2025-04-19,0
u-01203,Employee 1203,HR,Figma,Enterprise,3120.0,30,12,2026-05-21,2024-01-23,0
u-01203,Employee 1203,HR,GitHub,Enterprise,4320.0,3,0,2026-04-07,2025-05-06,0
u-01204,Employee 1204,Engineering,Salesforce,Enterprise,28800.0,0,0,,2026-02-23,1
u-01205,Employee 1205,Operations,GitHub,Standard,1800.0,3,1,2026-04-21,2025-02-09,0
u-01205,Employee 1205,Operations,Zoom,Standard,1200.0,24,26,2026-05-20,2026-04-21,0
u-01206,Employee 1206,Engineering,HubSpot,Standard,4500.0,91,25,2026-05-21,2024-08-17,0
u-01206,Employee 1206,Engineering,Salesforce,Standard,12000.0,42,10,2026-05-19,2025-12-29,0
u-01206,Employee 1206,Engineering,Zoom,Enterprise,2880.0,64,26,2026-05-19,2024-01-23,0
u-01206,Employee 1206,Engineering,Notion,Standard,900.0,3,0,2026-03-27,2025-04-10,0
u-01207,Employee 1207,Operations,GitHub,Standard,1800.0,0,1,,2024-08-14,0
u-01208,Employee 1208,HR,GitHub,Standard,1800.0,49,11,2026-05-20,2024-11-07,0
u-01208,Employee 1208,HR,Slack,Enterprise,1680.0,0,0,,2025-11-28,1
u-01209,Employee 1209,Marketing,Jira,Standard,1500.0,0,0,,2024-02-03,1
u-01209,Employee 1209,Marketing,Salesforce,Premium,19200.0,19,22,2026-05-20,2024-04-14,0
u-01210,Employee 1210,Design,Notion,Standard,900.0,80,12,2026-05-20,2025-10-06,0
u-01210,Employee 1210,Design,HubSpot,Enterprise,10800.0,89,27,2026-05-20,2025-08-15,0
u-01211,Employee 1211,Marketing,Salesforce,Standard,12000.0,37,23,2026-05-20,2024-08-31,0
u-01212,Employee 1212,Legal,GitHub,Standard,1800.0,17,12,2026-05-22,2026-01-17,0
u-01212,Employee 1212,Legal,Zoom,Standard,1200.0,89,26,2026-05-19,2023-12-27,0
u-01213,Employee 1213,Design,Figma,Standard,1300.0,41,24,2026-05-20,2024-07-11,0
u-01213,Employee 1213,Design,Jira,Premium,2400.0,2,1,2026-04-25,2025-08-30,1
u-01213,Employee 1213,Design,Notion,Standard,900.0,72,16,2026-05-20,2025-07-08,0
u-01214,Employee 1214,Sales,Jira,Standard,1500.0,17,14,2026-05-21,2024-05-30,0
u-01214,Employee 1214,Sales,Zoom,Standard,1200.0,16,17,2026-05-19,2026-01-03,0
u-01214,Employee 1214,Sales,Notion,Standard,900.0,83,18,2026-05-21,2024-04-13,0
u-01215,Employee 1215,Finance,HubSpot,Standard,4500.0,53,19,2026-05-20,2025-11-17,0
u-01215,Employee 1215,Finance,Notion,Enterprise,2160.0,96,16,2026-05-20,2024-02-11,0
u-01215,Employee 1215,Finance,Zoom,Standard,1200.0,108,17,2026-05-22,2026-03-31,0
u-01216,Employee 1216,HR,Zoom,Premium,1920.0,95,10,2026-05-19,2026-03-06,0
u-01217,Employee 1217,Marketing,GitHub,Standard,1800.0,35,25,2026-05-19,2024-06-22,0
u-01217,Employee 1217,Marketing,Salesforce,Enterprise,28800.0,116,18,2026-05-20,2024-04-23,0
u-01218,Employee 1218,Legal,Zoom,Standard,1200.0,89,11,2026-05-19,2025-11-10,0
u-01219,Employee 1219,HR,Zoom,Standard,1200.0,103,13,2026-05-20,2024-07-23,0
u-01219,Employee 1219,HR,Notion,Premium,1440.0,98,12,2026-05-19,2024-02-09,0
u-01219,Employee 1219,HR,HubSpot,Standard,4500.0,119,19,2026-05-22,2024-04-27,0
u-01220,Employee 1220,Engineering,Jira,Standard,1500.0,107,19,2026-05-19,2025-10-30,0
u-01220,Employee 1220,Engineering,Zoom,Enterprise,2880.0,117,14,2026-05-21,2024-08-13,0
u-01220,Employee 1220,Engineering,Slack,Standard,700.0,50,22,2026-05-19,2024-05-03,0
u-01221,Employee 1221,HR,Figma,Enterprise,3120.0,2,1,2026-05-04,2025-01-20,1
u-01221,Employee 1221,HR,HubSpot,Premium,7200.0,2,1,2026-04-24,2025-03-20,1
u-01221,Employee 1221,HR,Zoom,Standard,1200.0,88,18,2026-05-19,2025-12-06,0
u-01222,Employee 1222,Operations,GitHub,Standard,1800.0,90,29,2026-05-19,2024-02-28,0
u-01223,Employee 1223,HR,HubSpot,Standard,4500.0,2,0,2026-05-07,2024-09-05,1
u-01223,Employee 1223,HR,Figma,Enterprise,3120.0,23,14,2026-05-19,2025-11-15,0
u-01223,Employee 1223,HR,Salesforce,Enterprise,28800.0,113,24,2026-05-22,2025-10-17,0
u-01224,Employee 1224,Legal,Salesforce,Standard,12000.0,23,23,2026-05-21,2026-01-19,0
u-01224,Employee 1224,Legal,Figma,Standard,1300.0,63,28,2026-05-19,2024-06-23,0
u-01225,Employee 1225,Engineering,HubSpot,Enterprise,10800.0,2,1,2026-05-06,2024-02-02,1
u-01226,Employee 1226,Finance,Slack,Enterprise,1680.0,43,15,2026-05-22,2024-02-25,0
u-01226,Employee 1226,Finance,Figma,Premium,2080.0,73,13,2026-05-19,2024-12-22,0
u-01227,Employee 1227,Design,GitHub,Standard,1800.0,2,1,2026-04-24,2026-03-07,1
u-01227,Employee 1227,Design,Jira,Standard,1500.0,49,29,2026-05-22,2025-01-08,0
u-01228,Employee 1228,Sales,Zoom,Premium,1920.0,116,10,2026-05-20,2024-01-15,0
u-01228,Employee 1228,Sales,Slack,Standard,700.0,110,12,2026-05-21,2024-02-28,0
u-01229,Employee 1229,Finance,Notion,Premium,1440.0,99,20,2026-05-20,2025-03-16,0
u-01229,Employee 1229,Finance,Jira,Standard,1500.0,0,0,,2025-12-03,1
u-01230,Employee 1230,Legal,Zoom,Premium,1920.0,80,14,2026-05-22,2024-02-12,0
u-01230,Employee 1230,Legal,HubSpot,Premium,7200.0,0,0,,2025-01-03,1
u-01231,Employee 1231,Marketing,Slack,Standard,700.0,49,27,2026-05-22,2023-12-10,0
u-01232,Employee 1232,Legal,Notion,Standard,900.0,1,0,2026-03-28,2025-03-20,0
u-01233,Employee 1233,Marketing,Notion,Premium,1440.0,81,10,2026-05-20,2025-08-06,0
u-01233,Employee 1233,Marketing,HubSpot,Standard,4500.0,118,10,2026-05-22,2025-12-07,0
u-01234,Employee 1234,Sales,Salesforce,Premium,19200.0,103,25,2026-05-22,2024-05-19,0
u-01234,Employee 1234,Sales,Jira,Premium,2400.0,67,27,2026-05-21,2024-03-08,0
u-01235,Employee 1235,HR,Jira,Premium,2400.0,26,19,2026-05-20,2026-02-21,0
u-01236,Employee 1236,Marketing,Zoom,Standard,1200.0,2,1,2026-04-01,2024-04-28,0
u-01236,Employee 1236,Marketing,Jira,Premium,2400.0,41,26,2026-05-21,2025-08-28,0
u-01236,Employee 1236,Marketing,Salesforce,Standard,12000.0,110,16,2026-05-20,2024-09-03,0
u-01236,Employee 1236,Marketing,Slack,Standard,700.0,68,28,2026-05-19,2024-04-23,0
u-01237,Employee 1237,Design,Figma,Enterprise,3120.0,43,14,2026-05-21,2025-01-04,0
u-01237,Employee 1237,Design,Jira,Premium,2400.0,55,12,2026-05-20,2024-02-18,0
u-01237,Employee 1237,Design,HubSpot,Premium,7200.0,70,14,2026-05-20,2025-05-28,0
u-01237,Employee 1237,Design,Notion,Standard,900.0,99,18,2026-05-21,2025-07-12,0
u-01238,Employee 1238,Design,Salesforce,Standard,12000.0,1,1,2026-04-23,2023-12-31,1
u-01238,Employee 1238,Design,HubSpot,Standard,4500.0,99,15,2026-05-20,2024-07-12,0
u-01239,Employee 1239,Finance,Notion,Standard,900.0,20,20,2026-05-22,2026-01-06,0
u-01240,Employee 1240,Sales,Notion,Standard,900.0,118,18,2026-05-21,2024-02-09,0
u-01240,Employee 1240,Sales,Figma,Premium,2080.0,60,17,2026-05-21,2026-02-08,0
u-01241,Employee 1241,Finance,Salesforce,Enterprise,28800.0,42,26,2026-05-22,2024-04-24,0
u-01242,Employee 1242,Sales,Jira,Standard,1500.0,70,10,2026-05-21,2025-04-27,0
u-01242,Employee 1242,Sales,Slack,Standard,700.0,1,1,2026-04-17,2024-01-15,0
u-01243,Employee 1243,Operations,GitHub,Standard,1800.0,103,27,2026-05-20,2025-07-27,0
u-01243,Employee 1243,Operations,Slack,Enterprise,1680.0,24,20,2026-05-20,2026-03-08,0
u-01244,Employee 1244,Engineering,Figma,Enterprise,3120.0,100,13,2026-05-19,2025-05-20,0
u-01244,Employee 1244,Engineering,GitHub,Standard,1800.0,118,18,2026-05-22,2025-01-26,0
u-01245,Employee 1245,HR,Zoom,Enterprise,2880.0,0,0,,2024-07-14,1
u-01245,Employee 1245,HR,Salesforce,Standard,12000.0,0,0,,2024-01-12,1
u-01246,Employee 1246,Sales,GitHub,Standard,1800.0,2,1,2026-05-03,2025-06-08,1
u-01247,Employee 1247,HR,HubSpot,Standard,4500.0,66,23,2026-05-20,2025-06-20,0
u-01247,Employee 1247,HR,Notion,Enterprise,2160.0,96,24,2026-05-19,2025-08-15,0
u-01247,Employee 1247,HR,GitHub,Standard,1800.0,32,17,2026-05-19,2025-06-04,0
u-01248,Employee 1248,Operations,Figma,Standard,1300.0,1,0,2026-04-23,2025-05-05,1
u-01248,Employee 1248,Operations,Notion,Premium,1440.0,29,15,2026-05-21,2025-02-23,0
u-01248,Employee 1248,Operations,Slack,Premium,1120.0,61,12,2026-05-21,2024-11-25,0
u-01249,Employee 1249,Operations,HubSpot,Standard,4500.0,74,20,2026-05-21,2024-01-13,0
u-01249,Employee 1249,Operations,Zoom,Standard,1200.0,70,28,2026-05-20,2025-07-16,0
u-01250,Employee 1250,Finance,Zoom,Standard,1200.0,65,12,2026-05-20,2025-02-14,0
u-01251,Employee 1251,Design,Salesforce,Standard,12000.0,1,1,2026-05-05,2025-03-22,1
u-01252,Employee 1252,Finance,Jira,Standard,1500.0,0,0,,2025-12-06,1
u-01253,Employee 1253,Marketing,Jira,Premium,2400.0,80,21,2026-05-20,2024-12-08,0
u-01253,Employee 1253,Marketing,Notion,Standard,900.0,98,23,2026-05-21,2026-03-26,0
u-01253,Employee 1253,Marketing,Salesforce,Premium,19200.0,110,12,2026-05-19,2024-02-08,0
u-01254,Employee 1254,Marketing,Slack,Premium,1120.0,29,15,2026-05-21,2025-03-05,0
u-01254,Employee 1254,Marketing,Zoom,Enterprise,2880.0,110,27,2026-05-19,2026-03-26,0
u-01254,Employee 1254,Marketing,Notion,Standard,900.0,46,25,2026-05-21,2024-02-16,0
u-01255,Employee 1255,Sales,Figma,Enterprise,3120.0,64,28,2026-05-19,2026-03-26,0
u-01255,Employee 1255,Sales,Notion,Standard,900.0,91,13,2026-05-20,2025-05-18,0
u-01255,Employee 1255,Sales,Zoom,Standard,1200.0,92,25,2026-05-22,2023-12-24,0
u-01256,Employee 1256,Sales,Salesforce,Enterprise,28800.0,0,0,,2024-12-03,0
u-01256,Employee 1256,Sales,Notion,Premium,1440.0,18,17,2026-05-22,2024-12-30,0
u-01257,Employee 1257,Engineering,Salesforce,Premium,19200.0,17,13,2026-05-22,2024-06-23,0
u-01257,Employee 1257,Engineering,HubSpot,Standard,4500.0,5,3,2026-05-19,2026-02-01,1
u-01258,Employee 1258,Engineering,Figma,Premium,2080.0,0,1,,2025-04-29,0
u-01258,Employee 1258,Engineering,Jira,Standard,1500.0,2,0,2026-04-08,2024-01-06,0
u-01258,Employee 1258,Engineering,HubSpot,Premium,7200.0,70,14,2026-05-20,2024-08-20,0
u-01258,Employee 1258,Engineering,Salesforce,Standard,12000.0,92,23,2026-05-22,2023-12-08,0
u-01259,Employee 1259,HR,HubSpot,Premium,7200.0,29,23,2026-05-21,2025-10-19,0
u-01259,Employee 1259,HR,Notion,Premium,1440.0,54,21,2026-05-21,2023-12-22,0
u-01259,Employee 1259,HR,Slack,Standard,700.0,23,13,2026-05-21,2024-06-19,0
u-01260,Employee 1260,Finance,Salesforce,Premium,19200.0,1,1,2026-05-08,2024-01-12,1
u-01260,Employee 1260,Finance,Zoom,Enterprise,2880.0,53,20,2026-05-21,2025-03-29,0
u-01260,Employee 1260,Finance,Jira,Enterprise,3600.0,0,1,,2024-12-03,0
u-01261,Employee 1261,Engineering,GitHub,Premium,2880.0,37,25,2026-05-21,2024-01-11,0
u-01261,Employee 1261,Engineering,HubSpot,Premium,7200.0,3,1,2026-03-30,2025-11-17,0
u-01262,Employee 1262,Marketing,Figma,Enterprise,3120.0,60,10,2026-05-19,2025-08-19,0
u-01263,Employee 1263,Engineering,Slack,Enterprise,1680.0,83,22,2026-05-22,2025-08-25,0
u-01263,Employee 1263,Engineering,Zoom,Premium,1920.0,2,0,2026-04-19,2025-06-15,0
u-01263,Employee 1263,Engineering,Salesforce,Standard,12000.0,1,1,2026-04-23,2025-03-30,1
u-01264,Employee 1264,Engineering,HubSpot,Enterprise,10800.0,2,0,2026-05-05,2025-05-12,1
u-01264,Employee 1264,Engineering,Slack,Enterprise,1680.0,37,12,2026-05-22,2026-01-12,0
u-01265,Employee 1265,Finance,GitHub,Standard,1800.0,78,21,2026-05-21,2025-05-11,0
u-01266,Employee 1266,Finance,Notion,Standard,900.0,86,20,2026-05-21,2024-01-16,0
u-01266,Employee 1266,Finance,HubSpot,Premium,7200.0,2,0,2026-04-29,2024-02-13,1
u-01267,Employee 1267,Design,GitHub,Premium,2880.0,3,4,2026-05-09,2024-09-09,1
u-01267,Employee 1267,Design,Slack,Standard,700.0,45,19,2026-05-22,2026-04-17,0
u-01267,Employee 1267,Design,Salesforce,Enterprise,28800.0,91,15,2026-05-21,2024-09-30,0
u-01268,Employee 1268,Legal,Jira,Standard,1500.0,25,27,2026-05-22,2025-04-11,0
u-01268,Employee 1268,Legal,Notion,Standard,900.0,31,16,2026-05-20,2024-05-15,0
u-01269,Employee 1269,Legal,Notion,Standard,900.0,66,18,2026-05-22,2025-04-28,0
u-01269,Employee 1269,Legal,Slack,Standard,700.0,53,11,2026-05-19,2024-11-03,0
u-01269,Employee 1269,Legal,Salesforce,Premium,19200.0,1,0,2026-04-30,2025-07-18,1
u-01270,Employee 1270,Sales,Slack,Standard,700.0,102,13,2026-05-21,2025-03-05,0
u-01270,Employee 1270,Sales,Salesforce,Standard,12000.0,111,19,2026-05-20,2026-03-12,0
u-01271,Employee 1271,Legal,Zoom,Standard,1200.0,106,10,2026-05-20,2025-10-30,0
u-01271,Employee 1271,Legal,Salesforce,Standard,12000.0,36,28,2026-05-20,2024-01-28,0
u-01272,Employee 1272,Engineering,Slack,Premium,1120.0,47,12,2026-05-20,2024-12-14,0
u-01272,Employee 1272,Engineering,Zoom,Standard,1200.0,64,20,2026-05-21,2024-10-31,0
u-01273,Employee 1273,Finance,HubSpot,Enterprise,10800.0,74,28,2026-05-21,2025-07-19,0
u-01273,Employee 1273,Finance,Zoom,Standard,1200.0,107,27,2026-05-21,2025-04-17,0
u-01274,Employee 1274,HR,HubSpot,Standard,4500.0,83,15,2026-05-22,2026-04-10,0
u-01274,Employee 1274,HR,Salesforce,Premium,19200.0,21,24,2026-05-19,2025-08-27,0
u-01274,Employee 1274,HR,Figma,Enterprise,3120.0,2,0,2026-03-24,2025-03-29,0
u-01275,Employee 1275,Marketing,Salesforce,Enterprise,28800.0,90,14,2026-05-22,2024-05-11,0
u-01275,Employee 1275,Marketing,Figma,Standard,1300.0,47,14,2026-05-22,2024-01-30,0
u-01275,Employee 1275,Marketing,Zoom,Standard,1200.0,89,10,2026-05-20,2025-07-15,0
u-01276,Employee 1276,Operations,Notion,Enterprise,2160.0,60,13,2026-05-19,2025-03-22,0
u-01276,Employee 1276,Operations,Jira,Standard,1500.0,102,16,2026-05-20,2024-06-28,0
u-01277,Employee 1277,Engineering,Slack,Premium,1120.0,45,18,2026-05-22,2026-03-28,0
u-01277,Employee 1277,Engineering,Figma,Premium,2080.0,2,1,2026-04-27,2025-05-25,0
u-01278,Employee 1278,Sales,Salesforce,Standard,12000.0,72,28,2026-05-20,2025-10-06,0
u-01278,Employee 1278,Sales,Figma,Premium,2080.0,38,25,2026-05-22,2024-08-13,0
u-01279,Employee 1279,Marketing,Zoom,Standard,1200.0,24,25,2026-05-22,2025-11-19,0
u-01279,Employee 1279,Marketing,HubSpot,Enterprise,10800.0,76,21,2026-05-20,2024-05-11,0
u-01280,Employee 1280,Operations,HubSpot,Standard,4500.0,0,0,,2024-04-16,1
u-01280,Employee 1280,Operations,GitHub,Standard,1800.0,4,3,2026-05-20,2024-12-11,1
u-01280,Employee 1280,Operations,Zoom,Premium,1920.0,103,16,2026-05-20,2026-02-03,0
u-01280,Employee 1280,Operations,Salesforce,Standard,12000.0,105,18,2026-05-22,2025-07-14,0
u-01281,Employee 1281,Operations,Notion,Premium,1440.0,67,23,2026-05-22,2025-06-07,0
u-01281,Employee 1281,Operations,Slack,Standard,700.0,2,0,2026-04-29,2024-08-09,1
u-01281,Employee 1281,Operations,Salesforce,Standard,12000.0,88,29,2026-05-21,2024-01-30,0
u-01281,Employee 1281,Operations,Jira,Enterprise,3600.0,46,13,2026-05-22,2024-01-31,0
u-01282,Employee 1282,Design,HubSpot,Standard,4500.0,1,0,2026-04-30,2024-03-31,1
u-01283,Employee 1283,HR,Figma,Premium,2080.0,0,0,,2025-06-08,1
u-01284,Employee 1284,Legal,Figma,Premium,2080.0,2,1,2026-05-11,2025-06-28,1
u-01284,Employee 1284,Legal,Notion,Standard,900.0,21,13,2026-05-21,2024-04-29,0
u-01285,Employee 1285,Marketing,Slack,Premium,1120.0,26,21,2026-05-19,2024-12-03,0
u-01285,Employee 1285,Marketing,HubSpot,Standard,4500.0,66,15,2026-05-20,2025-08-11,0
u-01285,Employee 1285,Marketing,Notion,Premium,1440.0,2,0,2026-04-24,2024-12-18,0
u-01286,Employee 1286,Sales,Zoom,Standard,1200.0,67,11,2026-05-22,2024-09-01,0
u-01286,Employee 1286,Sales,Salesforce,Standard,12000.0,3,1,2026-03-29,2024-11-18,0
u-01287,Employee 1287,Design,HubSpot,Premium,7200.0,44,28,2026-05-21,2026-02-19,0
u-01287,Employee 1287,Design,Figma,Standard,1300.0,36,11,2026-05-21,2024-10-18,0
u-01287,Employee 1287,Design,GitHub,Standard,1800.0,0,0,,2025-01-10,1
u-01288,Employee 1288,Legal,Zoom,Premium,1920.0,95,20,2026-05-22,2024-04-22,0
u-01289,Employee 1289,Design,Notion,Enterprise,2160.0,16,23,2026-05-21,2024-04-10,0
u-01289,Employee 1289,Design,GitHub,Enterprise,4320.0,17,12,2026-05-19,2024-04-20,0
u-01290,Employee 1290,Sales,Zoom,Standard,1200.0,72,14,2026-05-20,2024-01-02,0
u-01291,Employee 1291,Legal,HubSpot,Premium,7200.0,0,0,,2023-12-08,1
u-01291,Employee 1291,Legal,Salesforce,Enterprise,28800.0,1,0,2026-05-10,2024-10-16,1
u-01291,Employee 1291,Legal,Jira,Premium,2400.0,31,11,2026-05-21,2025-03-27,0
u-01292,Employee 1292,Legal,Salesforce,Premium,19200.0,1,0,2026-05-12,2025-06-02,1
u-01292,Employee 1292,Legal,HubSpot,Standard,4500.0,1,0,2026-05-01,2024-02-22,0
u-01293,Employee 1293,HR,Notion,Standard,900.0,53,15,2026-05-22,2024-03-12,0
u-01294,Employee 1294,Sales,Jira,Premium,2400.0,103,20,2026-05-21,2024-07-28,0
u-01295,Employee 1295,Operations,Slack,Standard,700.0,80,19,2026-05-19,2025-09-05,0
u-01295,Employee 1295,Operations,Jira,Standard,1500.0,105,22,2026-05-22,2025-02-21,0
u-01296,Employee 1296,Finance,HubSpot,Standard,4500.0,101,28,2026-05-19,2024-01-16,0
u-01296,Employee 1296,Finance,Zoom,Standard,1200.0,53,20,2026-05-22,2024-04-13,0
u-01296,Employee 1296,Finance,Notion,Standard,900.0,74,10,2026-05-19,2024-02-06,0
u-01297,Employee 1297,Design,Zoom,Premium,1920.0,27,29,2026-05-21,2026-01-13,0
u-01297,Employee 1297,Design,Figma,Standard,1300.0,24,24,2026-05-20,2024-01-29,0
u-01298,Employee 1298,Sales,Salesforce,Standard,12000.0,77,17,2026-05-21,2025-07-18,0
u-01298,Employee 1298,Sales,Notion,Standard,900.0,0,0,,2024-01-10,1
u-01299,Employee 1299,Marketing,HubSpot,Standard,4500.0,97,23,2026-05-21,2025-05-30,0
u-01299,Employee 1299,Marketing,Figma,Premium,2080.0,74,24,2026-05-19,2025-09-26,0
u-01300,Employee 1300,Legal,Zoom,Premium,1920.0,116,24,2026-05-21,2025-10-22,0
u-01301,Employee 1301,Engineering,HubSpot,Premium,7200.0,0,0,,2025-02-17,1
u-01301,Employee 1301,Engineering,Zoom,Standard,1200.0,61,15,2026-05-21,2025-10-04,0
u-01302,Employee 1302,Finance,Notion,Standard,900.0,1,0,2026-04-28,2024-11-19,1
u-01302,Employee 1302,Finance,Zoom,Standard,1200.0,0,1,,2024-07-26,0
u-01303,Employee 1303,Sales,Jira,Standard,1500.0,2,0,2026-04-23,2025-02-13,1
u-01304,Employee 1304,Design,Figma,Enterprise,3120.0,56,25,2026-05-21,2025-09-17,0
u-01304,Employee 1304,Design,HubSpot,Premium,7200.0,6,3,2026-05-08,2024-05-25,1
u-01305,Employee 1305,Finance,Slack,Premium,1120.0,42,10,2026-05-20,2025-04-27,0
u-01305,Employee 1305,Finance,Jira,Standard,1500.0,57,23,2026-05-20,2025-08-27,0
u-01306,Employee 1306,Legal,HubSpot,Standard,4500.0,40,22,2026-05-19,2024-05-17,0
u-01306,Employee 1306,Legal,Salesforce,Premium,19200.0,4,2,2026-05-15,2025-05-15,1
u-01306,Employee 1306,Legal,Jira,Standard,1500.0,6,2,2026-05-19,2025-06-16,1
u-01306,Employee 1306,Legal,Notion,Enterprise,2160.0,2,1,2026-05-03,2025-02-07,1
u-01307,Employee 1307,Operations,Slack,Standard,700.0,101,21,2026-05-19,2025-12-18,0
u-01307,Employee 1307,Operations,Jira,Premium,2400.0,99,12,2026-05-21,2025-03-03,0
u-01308,Employee 1308,Sales,Slack,Enterprise,1680.0,2,0,2026-04-27,2024-05-29,0
u-01308,Employee 1308,Sales,Jira,Standard,1500.0,2,0,2026-05-05,2025-09-13,1
u-01309,Employee 1309,Design,Salesforce,Premium,19200.0,37,28,2026-05-21,2025-10-23,0
u-01310,Employee 1310,Sales,Slack,Standard,700.0,1,1,2026-03-27,2024-11-21,0
u-01311,Employee 1311,HR,Jira,Standard,1500.0,29,11,2026-05-21,2025-12-28,0
u-01311,Employee 1311,HR,Notion,Standard,900.0,31,16,2026-05-21,2026-02-09,0
u-01311,Employee 1311,HR,Figma,Premium,2080.0,1,0,2026-04-07,2025-02-13,0
u-01311,Employee 1311,HR,HubSpot,Enterprise,10800.0,97,27,2026-05-21,2025-05-22,0
u-01312,Employee 1312,Operations,Notion,Standard,900.0,76,11,2026-05-22,2024-01-01,0
u-01312,Employee 1312,Operations,Figma,Standard,1300.0,21,11,2026-05-19,2024-02-19,0
u-01312,Employee 1312,Operations,Salesforce,Standard,12000.0,58,16,2026-05-19,2024-07-14,0
u-01312,Employee 1312,Operations,Slack,Standard,700.0,54,15,2026-05-22,2024-11-20,0
u-01313,Employee 1313,Legal,Notion,Premium,1440.0,89,17,2026-05-20,2024-06-05,0
u-01313,Employee 1313,Legal,GitHub,Standard,1800.0,4,2,2026-05-19,2024-12-08,1
u-01313,Employee 1313,Legal,Figma,Standard,1300.0,109,19,2026-05-19,2025-12-06,0
u-01313,Employee 1313,Legal,HubSpot,Standard,4500.0,95,21,2026-05-19,2024-09-12,0
u-01314,Employee 1314,Legal,Notion,Premium,1440.0,118,24,2026-05-19,2026-01-21,0
u-01314,Employee 1314,Legal,HubSpot,Standard,4500.0,119,29,2026-05-19,2024-06-29,0
u-01315,Employee 1315,Legal,Slack,Enterprise,1680.0,91,14,2026-05-22,2025-04-09,0
u-01315,Employee 1315,Legal,Salesforce,Standard,12000.0,38,16,2026-05-21,2025-05-31,0
u-01315,Employee 1315,Legal,Notion,Standard,900.0,23,13,2026-05-20,2024-02-04,0
u-01316,Employee 1316,Finance,Salesforce,Premium,19200.0,68,12,2026-05-22,2025-12-08,0
u-01317,Employee 1317,Operations,Notion,Enterprise,2160.0,15,21,2026-05-22,2025-10-04,0
u-01318,Employee 1318,HR,Notion,Standard,900.0,25,13,2026-05-21,2024-11-17,0
u-01318,Employee 1318,HR,HubSpot,Premium,7200.0,40,26,2026-05-19,2025-03-20,0
u-01319,Employee 1319,Engineering,Salesforce,Standard,12000.0,7,2,2026-05-12,2024-11-07,1
u-01319,Employee 1319,Engineering,Slack,Premium,1120.0,109,16,2026-05-22,2025-01-30,0
u-01320,Employee 1320,Legal,Zoom,Standard,1200.0,0,0,,2024-10-16,1
u-01320,Employee 1320,Legal,Figma,Premium,2080.0,88,18,2026-05-19,2024-08-30,0
u-01321,Employee 1321,Design,Slack,Standard,700.0,69,13,2026-05-20,2024-11-28,0
u-01321,Employee 1321,Design,Zoom,Standard,1200.0,38,13,2026-05-21,2024-12-01,0
u-01322,Employee 1322,Finance,Jira,Premium,2400.0,33,29,2026-05-19,2026-01-22,0
u-01322,Employee 1322,Finance,Salesforce,Premium,19200.0,101,12,2026-05-21,2023-12-16,0
u-01323,Employee 1323,Design,Jira,Standard,1500.0,1,0,2026-05-07,2025-11-29,1
u-01324,Employee 1324,Legal,Jira,Premium,2400.0,1,1,2026-04-24,2024-02-04,1
u-01324,Employee 1324,Legal,Notion,Standard,900.0,65,20,2026-05-20,2024-12-12,0
u-01325,Employee 1325,Operations,Slack,Standard,700.0,57,21,2026-05-21,2025-10-30,0
u-01325,Employee 1325,Operations,Figma,Standard,1300.0,87,29,2026-05-21,2025-07-08,0
u-01325,Employee 1325,Operations,Jira,Premium,2400.0,115,13,2026-05-21,2023-12-08,0
u-01325,Employee 1325,Operations,Salesforce,Standard,12000.0,0,0,,2024-08-16,1
u-01326,Employee 1326,Engineering,HubSpot,Premium,7200.0,74,20,2026-05-19,2024-08-06,0
u-01326,Employee 1326,Engineering,Jira,Enterprise,3600.0,2,1,2026-05-10,2024-02-12,1
u-01326,Employee 1326,Engineering,Notion,Premium,1440.0,53,28,2026-05-22,2024-07-17,0
u-01327,Employee 1327,Marketing,HubSpot,Standard,4500.0,24,15,2026-05-22,2024-10-10,0
u-01327,Employee 1327,Marketing,Salesforce,Standard,12000.0,82,29,2026-05-19,2024-02-04,0
u-01328,Employee 1328,Sales,Figma,Premium,2080.0,111,21,2026-05-20,2025-07-17,0
u-01328,Employee 1328,Sales,HubSpot,Enterprise,10800.0,2,0,2026-04-29,2025-04-13,1
u-01329,Employee 1329,Legal,Zoom,Standard,1200.0,1,1,2026-04-29,2025-11-22,0
u-01330,Employee 1330,Marketing,Zoom,Standard,1200.0,74,10,2026-05-21,2024-08-25,0
u-01330,Employee 1330,Marketing,Salesforce,Standard,12000.0,77,29,2026-05-19,2024-01-31,0
u-01330,Employee 1330,Marketing,Jira,Premium,2400.0,2,1,2026-04-29,2024-06-07,1
u-01330,Employee 1330,Marketing,GitHub,Standard,1800.0,1,1,2026-03-29,2025-10-01,0
u-01331,Employee 1331,Operations,Figma,Premium,2080.0,0,0,,2025-01-27,1
u-01331,Employee 1331,Operations,Jira,Enterprise,3600.0,5,2,2026-05-16,2025-02-02,1
u-01331,Employee 1331,Operations,GitHub,Standard,1800.0,33,19,2026-05-21,2025-11-15,0
u-01331,Employee 1331,Operations,Slack,Standard,700.0,2,1,2026-04-29,2026-04-16,1
u-01332,Employee 1332,HR,Figma,Standard,1300.0,2,0,2026-04-25,2026-03-07,1
u-01332,Employee 1332,HR,Zoom,Premium,1920.0,0,0,,2025-06-14,0
u-01332,Employee 1332,HR,HubSpot,Enterprise,10800.0,36,15,2026-05-19,2024-07-07,0
u-01333,Employee 1333,Legal,Zoom,Standard,1200.0,2,1,2026-04-22,2024-08-23,0
u-01333,Employee 1333,Legal,Slack,Premium,1120.0,95,21,2026-05-19,2024-05-16,0
u-01334,Employee 1334,Design,GitHub,Enterprise,4320.0,63,23,2026-05-20,2024-11-01,0
u-01334,Employee 1334,Design,Figma,Standard,1300.0,87,10,2026-05-19,2025-06-02,0
u-01334,Employee 1334,Design,Notion,Standard,900.0,119,17,2026-05-19,2025-09-11,0
u-01334,Employee 1334,Design,HubSpot,Standard,4500.0,5,4,2026-05-13,2024-10-02,1
u-01335,Employee 1335,Operations,Jira,Standard,1500.0,88,13,2026-05-22,2024-03-20,0
u-01335,Employee 1335,Operations,Slack,Standard,700.0,2,1,2026-04-05,2026-03-29,0
u-01336,Employee 1336,Finance,GitHub,Standard,1800.0,4,4,2026-05-13,2026-03-27,1
u-01336,Employee 1336,Finance,Notion,Premium,1440.0,2,0,2026-05-02,2025-10-21,0
u-01336,Employee 1336,Finance,Zoom,Standard,1200.0,51,15,2026-05-19,2024-04-08,0
u-01337,Employee 1337,Marketing,Zoom,Premium,1920.0,26,26,2026-05-19,2024-01-05,0
u-01337,Employee 1337,Marketing,GitHub,Enterprise,4320.0,21,29,2026-05-19,2023-12-07,0
u-01338,Employee 1338,Operations,Slack,Premium,1120.0,0,0,,2025-10-27,1
u-01339,Employee 1339,Operations,HubSpot,Premium,7200.0,3,3,2026-05-16,2024-03-13,1
u-01339,Employee 1339,Operations,GitHub,Premium,2880.0,44,22,2026-05-20,2025-03-15,0
u-01339,Employee 1339,Operations,Figma,Standard,1300.0,45,10,2026-05-22,2025-07-26,0
u-01340,Employee 1340,Design,GitHub,Standard,1800.0,1,0,2026-05-06,2024-01-03,1
u-01340,Employee 1340,Design,Figma,Standard,1300.0,59,22,2026-05-22,2025-05-07,0
u-01341,Employee 1341,Design,Salesforce,Enterprise,28800.0,74,17,2026-05-19,2025-02-26,0
u-01342,Employee 1342,Engineering,Salesforce,Enterprise,28800.0,69,17,2026-05-19,2025-03-30,0
u-01342,Employee 1342,Engineering,Jira,Enterprise,3600.0,110,20,2026-05-22,2025-02-06,0
u-01343,Employee 1343,Marketing,Salesforce,Premium,19200.0,114,13,2026-05-22,2025-04-10,0
u-01343,Employee 1343,Marketing,Notion,Standard,900.0,59,19,2026-05-20,2025-10-18,0
u-01344,Employee 1344,Sales,Jira,Standard,1500.0,24,21,2026-05-20,2024-05-18,0
u-01344,Employee 1344,Sales,Zoom,Standard,1200.0,83,25,2026-05-22,2025-02-24,0
u-01345,Employee 1345,Marketing,GitHub,Enterprise,4320.0,102,29,2026-05-22,2024-02-25,0
u-01345,Employee 1345,Marketing,Notion,Premium,1440.0,83,21,2026-05-19,2024-06-25,0
u-01346,Employee 1346,HR,Zoom,Premium,1920.0,113,21,2026-05-22,2026-02-25,0
u-01347,Employee 1347,Sales,GitHub,Standard,1800.0,52,22,2026-05-22,2025-12-31,0
u-01347,Employee 1347,Sales,Slack,Enterprise,1680.0,27,19,2026-05-22,2024-07-29,0
u-01348,Employee 1348,Sales,Notion,Standard,900.0,0,0,,2025-05-14,1
u-01348,Employee 1348,Sales,Figma,Premium,2080.0,24,23,2026-05-22,2024-03-19,0
u-01349,Employee 1349,Legal,Slack,Enterprise,1680.0,82,10,2026-05-19,2025-11-14,0
u-01350,Employee 1350,Finance,Figma,Enterprise,3120.0,39,27,2026-05-22,2024-08-05,0
u-01350,Employee 1350,Finance,Slack,Standard,700.0,52,25,2026-05-22,2026-02-26,0
u-01350,Employee 1350,Finance,GitHub,Premium,2880.0,5,2,2026-05-09,2024-03-25,1
u-01350,Employee 1350,Finance,Zoom,Standard,1200.0,59,10,2026-05-21,2025-11-23,0
u-01351,Employee 1351,Sales,Figma,Premium,2080.0,1,1,2026-05-09,2026-03-08,1
u-01351,Employee 1351,Sales,Jira,Enterprise,3600.0,3,1,2026-03-30,2023-12-25,0
u-01351,Employee 1351,Sales,HubSpot,Standard,4500.0,79,20,2026-05-19,2024-06-23,0
u-01351,Employee 1351,Sales,Zoom,Premium,1920.0,118,11,2026-05-19,2024-09-03,0
u-01352,Employee 1352,Sales,Salesforce,Premium,19200.0,0,0,,2025-02-06,1
u-01352,Employee 1352,Sales,Notion,Standard,900.0,31,12,2026-05-22,2024-10-22,0
u-01353,Employee 1353,HR,Jira,Standard,1500.0,2,1,2026-04-29,2025-01-09,1
u-01354,Employee 1354,Legal,Jira,Standard,1500.0,1,1,2026-04-29,2024-07-08,1
u-01355,Employee 1355,Operations,Jira,Standard,1500.0,1,0,2026-04-24,2024-07-04,0
u-01355,Employee 1355,Operations,Figma,Standard,1300.0,0,0,,2025-06-29,1
u-01356,Employee 1356,Finance,GitHub,Standard,1800.0,7,4,2026-05-18,2026-04-03,1
u-01356,Employee 1356,Finance,Jira,Premium,2400.0,23,19,2026-05-22,2025-09-26,0
u-01357,Employee 1357,Marketing,Slack,Standard,700.0,84,12,2026-05-21,2026-01-11,0
u-01357,Employee 1357,Marketing,HubSpot,Standard,4500.0,3,0,2026-04-26,2025-08-29,0
u-01358,Employee 1358,Marketing,Slack,Standard,700.0,116,24,2026-05-20,2024-01-26,0
u-01358,Employee 1358,Marketing,Jira,Standard,1500.0,15,16,2026-05-22,2025-07-25,0
u-01359,Employee 1359,Sales,Figma,Standard,1300.0,1,0,2026-04-23,2025-11-20,1
u-01359,Employee 1359,Sales,Zoom,Standard,1200.0,74,20,2026-05-22,2025-05-18,0
u-01360,Employee 1360,HR,Zoom,Premium,1920.0,44,13,2026-05-20,2024-08-29,0
u-01361,Employee 1361,Marketing,GitHub,Enterprise,4320.0,54,14,2026-05-20,2025-09-19,0
u-01361,Employee 1361,Marketing,Salesforce,Premium,19200.0,34,29,2026-05-21,2024-04-23,0
u-01361,Employee 1361,Marketing,Zoom,Enterprise,2880.0,42,13,2026-05-19,2025-10-30,0
u-01362,Employee 1362,Legal,Zoom,Standard,1200.0,1,0,2026-05-10,2025-09-06,1
u-01363,Employee 1363,Sales,Zoom,Enterprise,2880.0,86,26,2026-05-20,2025-03-09,0
u-01363,Employee 1363,Sales,HubSpot,Enterprise,10800.0,119,20,2026-05-20,2024-01-21,0
u-01364,Employee 1364,Sales,GitHub,Premium,2880.0,0,0,,2026-01-12,1
u-01365,Employee 1365,Legal,Notion,Standard,900.0,53,12,2026-05-21,2024-07-01,0
u-01366,Employee 1366,Engineering,Notion,Premium,1440.0,59,17,2026-05-21,2024-09-15,0
u-01366,Employee 1366,Engineering,GitHub,Enterprise,4320.0,107,13,2026-05-19,2025-12-13,0
u-01367,Employee 1367,Finance,Zoom,Enterprise,2880.0,85,16,2026-05-19,2024-11-09,0
u-01367,Employee 1367,Finance,GitHub,Premium,2880.0,0,0,,2024-07-27,1
u-01368,Employee 1368,Engineering,Zoom,Premium,1920.0,65,17,2026-05-20,2025-04-21,0
u-01369,Employee 1369,Design,Figma,Premium,2080.0,1,1,2026-04-09,2025-03-04,0
u-01369,Employee 1369,Design,Salesforce,Premium,19200.0,0,0,,2024-05-20,1
u-01370,Employee 1370,Operations,Jira,Standard,1500.0,94,29,2026-05-21,2026-01-14,0
u-01370,Employee 1370,Operations,Slack,Standard,700.0,80,20,2026-05-22,2025-11-09,0
u-01371,Employee 1371,Operations,Notion,Premium,1440.0,53,17,2026-05-20,2024-03-31,0
u-01371,Employee 1371,Operations,Zoom,Standard,1200.0,17,16,2026-05-20,2023-12-31,0
u-01371,Employee 1371,Operations,Figma,Premium,2080.0,3,0,2026-04-28,2026-01-06,0
u-01372,Employee 1372,Finance,HubSpot,Standard,4500.0,90,13,2026-05-21,2024-06-01,0
u-01372,Employee 1372,Finance,GitHub,Enterprise,4320.0,21,11,2026-05-19,2025-03-09,0
u-01373,Employee 1373,Sales,Slack,Premium,1120.0,81,17,2026-05-19,2025-04-18,0
u-01374,Employee 1374,Operations,HubSpot,Standard,4500.0,74,13,2026-05-21,2024-07-13,0
u-01374,Employee 1374,Operations,Slack,Premium,1120.0,1,0,2026-05-08,2025-05-01,1
u-01374,Employee 1374,Operations,Notion,Standard,900.0,119,17,2026-05-21,2026-01-10,0
u-01374,Employee 1374,Operations,GitHub,Premium,2880.0,0,0,,2025-10-10,1
u-01375,Employee 1375,Finance,Salesforce,Standard,12000.0,45,24,2026-05-21,2024-09-17,0
u-01376,Employee 1376,Operations,Figma,Premium,2080.0,2,0,2026-04-25,2025-07-15,1
u-01377,Employee 1377,Engineering,Figma,Enterprise,3120.0,69,15,2026-05-22,2025-02-05,0
u-01378,Employee 1378,HR,GitHub,Standard,1800.0,2,0,2026-05-12,2025-03-03,1
u-01378,Employee 1378,HR,Salesforce,Premium,19200.0,0,0,,2024-08-11,1
u-01379,Employee 1379,Operations,HubSpot,Standard,4500.0,18,26,2026-05-20,2025-11-09,0
u-01379,Employee 1379,Operations,Jira,Enterprise,3600.0,74,11,2026-05-21,2024-03-31,0
u-01380,Employee 1380,Sales,GitHub,Standard,1800.0,69,23,2026-05-20,2025-01-27,0
u-01380,Employee 1380,Sales,Notion,Standard,900.0,42,25,2026-05-21,2026-03-16,0
u-01381,Employee 1381,Finance,Notion,Enterprise,2160.0,15,13,2026-05-20,2026-03-09,0
u-01381,Employee 1381,Finance,GitHub,Standard,1800.0,2,1,2026-04-28,2024-07-11,1
u-01381,Employee 1381,Finance,Salesforce,Standard,12000.0,107,29,2026-05-22,2026-04-07,0
u-01381,Employee 1381,Finance,HubSpot,Premium,7200.0,1,1,2026-05-03,2026-04-20,1
u-01382,Employee 1382,Marketing,Salesforce,Premium,19200.0,113,23,2026-05-19,2024-05-14,0
u-01383,Employee 1383,Engineering,Jira,Standard,1500.0,1,0,2026-03-31,2025-10-11,0
u-01383,Employee 1383,Engineering,Notion,Standard,900.0,0,0,,2024-11-21,1
u-01383,Employee 1383,Engineering,Figma,Standard,1300.0,2,0,2026-05-09,2025-11-05,1
u-01383,Employee 1383,Engineering,Slack,Premium,1120.0,18,11,2026-05-19,2025-07-22,0
u-01384,Employee 1384,Design,Slack,Premium,1120.0,45,22,2026-05-21,2024-03-01,0
u-01385,Employee 1385,Finance,Figma,Enterprise,3120.0,33,25,2026-05-19,2026-04-17,0
u-01385,Employee 1385,Finance,Notion,Enterprise,2160.0,103,23,2026-05-20,2025-02-25,0
u-01386,Employee 1386,Engineering,Zoom,Premium,1920.0,79,15,2026-05-21,2024-05-25,0
u-01386,Employee 1386,Engineering,Salesforce,Premium,19200.0,47,17,2026-05-19,2024-03-04,0
u-01386,Employee 1386,Engineering,Jira,Standard,1500.0,116,17,2026-05-21,2024-02-19,0
u-01387,Employee 1387,Operations,Salesforce,Standard,12000.0,1,0,2026-04-27,2023-12-17,1
u-01388,Employee 1388,Engineering,Slack,Standard,700.0,48,28,2026-05-21,2025-01-31,0
u-01388,Employee 1388,Engineering,Salesforce,Standard,12000.0,2,1,2026-05-11,2026-03-01,1
u-01388,Employee 1388,Engineering,HubSpot,Standard,4500.0,59,17,2026-05-20,2024-02-17,0
u-01389,Employee 1389,HR,Slack,Standard,700.0,0,0,,2025-04-06,1
u-01389,Employee 1389,HR,GitHub,Standard,1800.0,79,13,2026-05-22,2025-02-02,0
u-01390,Employee 1390,Finance,GitHub,Standard,1800.0,31,20,2026-05-21,2025-09-25,0
u-01390,Employee 1390,Finance,Jira,Standard,1500.0,24,27,2026-05-21,2024-10-07,0
u-01390,Employee 1390,Finance,Figma,Premium,2080.0,2,1,2026-05-04,2025-02-11,1
u-01390,Employee 1390,Finance,Notion,Premium,1440.0,0,0,,2024-08-22,0
u-01391,Employee 1391,Design,Figma,Standard,1300.0,65,29,2026-05-22,2025-04-07,0
u-01391,Employee 1391,Design,Zoom,Standard,1200.0,88,29,2026-05-20,2026-04-15,0
u-01392,Employee 1392,Sales,Figma,Standard,1300.0,102,19,2026-05-22,2024-09-02,0
u-01393,Employee 1393,Engineering,Salesforce,Standard,12000.0,58,27,2026-05-20,2025-01-16,0
u-01393,Employee 1393,Engineering,Notion,Standard,900.0,65,28,2026-05-22,2026-02-10,0
u-01394,Employee 1394,Engineering,Salesforce,Standard,12000.0,0,0,,2025-05-06,1
u-01394,Employee 1394,Engineering,Notion,Standard,900.0,46,20,2026-05-19,2025-02-26,0
u-01394,Employee 1394,Engineering,HubSpot,Standard,4500.0,0,0,,2025-11-10,1
u-01395,Employee 1395,Operations,Slack,Premium,1120.0,18,27,2026-05-21,2024-05-18,0
u-01395,Employee 1395,Operations,Zoom,Standard,1200.0,95,26,2026-05-20,2025-11-02,0
u-01395,Employee 1395,Operations,Notion,Standard,900.0,3,1,2026-04-17,2025-05-27,0
u-01396,Employee 1396,HR,Slack,Standard,700.0,51,24,2026-05-19,2025-03-29,0
u-01396,Employee 1396,HR,Zoom,Enterprise,2880.0,56,29,2026-05-19,2026-02-09,0
u-01396,Employee 1396,HR,Jira,Premium,2400.0,0,1,,2025-11-03,0
u-01396,Employee 1396,HR,Notion,Premium,1440.0,49,19,2026-05-19,2024-06-12,0
u-01397,Employee 1397,Design,Salesforce,Standard,12000.0,1,1,2026-04-23,2024-06-15,1
u-01398,Employee 1398,Legal,Zoom,Enterprise,2880.0,0,1,,2025-01-06,0
u-01398,Employee 1398,Legal,GitHub,Standard,1800.0,117,23,2026-05-21,2024-07-03,0
u-01398,Employee 1398,Legal,Slack,Standard,700.0,27,22,2026-05-21,2025-08-13,0
u-01399,Employee 1399,Marketing,Figma,Premium,2080.0,19,19,2026-05-22,2025-07-29,0
u-01399,Employee 1399,Marketing,HubSpot,Standard,4500.0,94,15,2026-05-20,2024-12-11,0
u-01399,Employee 1399,Marketing,GitHub,Standard,1800.0,115,28,2026-05-20,2024-03-10,0
u-01400,Employee 1400,HR,Zoom,Enterprise,2880.0,18,12,2026-05-21,2024-08-12,0
u-01401,Employee 1401,HR,Notion,Standard,900.0,43,13,2026-05-21,2024-04-02,0
u-01401,Employee 1401,HR,Salesforce,Enterprise,28800.0,105,11,2026-05-19,2024-09-18,0
u-01402,Employee 1402,Marketing,Slack,Premium,1120.0,98,16,2026-05-19,2024-12-26,0
u-01402,Employee 1402,Marketing,Salesforce,Premium,19200.0,86,10,2026-05-22,2024-03-01,0
u-01403,Employee 1403,Sales,Figma,Standard,1300.0,0,0,,2025-05-12,1
u-01403,Employee 1403,Sales,GitHub,Standard,1800.0,95,24,2026-05-22,2024-07-01,0
u-01403,Employee 1403,Sales,HubSpot,Premium,7200.0,1,0,2026-05-10,2025-12-06,1
u-01404,Employee 1404,Engineering,GitHub,Standard,1800.0,33,15,2026-05-19,2025-01-22,0
u-01404,Employee 1404,Engineering,Slack,Standard,700.0,27,14,2026-05-20,2024-04-18,0
u-01405,Employee 1405,Operations,Jira,Standard,1500.0,43,14,2026-05-19,2024-08-13,0
u-01406,Employee 1406,Design,Zoom,Enterprise,2880.0,44,13,2026-05-21,2026-04-18,0
u-01406,Employee 1406,Design,Slack,Premium,1120.0,32,28,2026-05-21,2023-12-13,0
u-01406,Employee 1406,Design,Figma,Premium,2080.0,75,28,2026-05-21,2025-05-27,0
u-01407,Employee 1407,Finance,GitHub,Standard,1800.0,104,16,2026-05-19,2024-04-21,0
u-01407,Employee 1407,Finance,Slack,Standard,700.0,98,14,2026-05-22,2023-12-05,0
u-01408,Employee 1408,Engineering,Zoom,Premium,1920.0,1,0,2026-05-09,2024-08-11,1
u-01408,Employee 1408,Engineering,Notion,Standard,900.0,54,22,2026-05-19,2024-04-20,0
u-01409,Employee 1409,Sales,HubSpot,Enterprise,10800.0,47,22,2026-05-19,2024-06-25,0
u-01409,Employee 1409,Sales,Notion,Premium,1440.0,30,10,2026-05-21,2024-07-24,0
u-01410,Employee 1410,Engineering,GitHub,Enterprise,4320.0,107,24,2026-05-20,2025-02-14,0
u-01410,Employee 1410,Engineering,Notion,Standard,900.0,105,24,2026-05-19,2026-03-08,0
u-01410,Employee 1410,Engineering,Salesforce,Standard,12000.0,52,19,2026-05-20,2025-06-20,0
u-01410,Employee 1410,Engineering,Zoom,Enterprise,2880.0,115,28,2026-05-21,2023-12-25,0
u-01411,Employee 1411,Engineering,Jira,Standard,1500.0,2,1,2026-05-02,2026-01-14,1
u-01411,Employee 1411,Engineering,Notion,Standard,900.0,57,14,2026-05-21,2024-04-13,0
u-01412,Employee 1412,Legal,Notion,Premium,1440.0,91,21,2026-05-21,2025-06-16,0
u-01412,Employee 1412,Legal,Zoom,Premium,1920.0,3,0,2026-03-28,2024-07-21,0
u-01412,Employee 1412,Legal,Slack,Premium,1120.0,0,0,,2024-01-10,1
u-01412,Employee 1412,Legal,HubSpot,Premium,7200.0,60,22,2026-05-21,2025-11-06,0
u-01413,Employee 1413,Engineering,GitHub,Standard,1800.0,2,1,2026-05-03,2026-03-12,1
u-01414,Employee 1414,Engineering,Jira,Standard,1500.0,55,29,2026-05-20,2025-09-05,0
u-01415,Employee 1415,Operations,HubSpot,Standard,4500.0,22,22,2026-05-20,2024-10-19,0
u-01415,Employee 1415,Operations,Jira,Standard,1500.0,49,17,2026-05-19,2024-10-17,0
u-01416,Employee 1416,Operations,GitHub,Standard,1800.0,0,0,,2025-02-03,0
u-01416,Employee 1416,Operations,Notion,Standard,900.0,37,12,2026-05-21,2023-12-19,0
u-01417,Employee 1417,Marketing,Notion,Premium,1440.0,88,15,2026-05-21,2024-12-25,0
u-01418,Employee 1418,Operations,Figma,Premium,2080.0,115,24,2026-05-22,2024-03-24,0
u-01418,Employee 1418,Operations,Slack,Standard,700.0,77,20,2026-05-22,2025-02-02,0
u-01419,Employee 1419,Sales,Notion,Premium,1440.0,2,1,2026-03-31,2025-05-03,0
u-01419,Employee 1419,Sales,Slack,Standard,700.0,61,12,2026-05-19,2024-08-24,0
u-01420,Employee 1420,Finance,Figma,Premium,2080.0,1,0,2026-05-06,2024-03-28,1
u-01420,Employee 1420,Finance,Zoom,Standard,1200.0,41,13,2026-05-20,2024-10-04,0
u-01421,Employee 1421,Operations,Zoom,Standard,1200.0,45,16,2026-05-21,2026-04-04,0
u-01421,Employee 1421,Operations,Notion,Standard,900.0,24,27,2026-05-22,2025-11-11,0
u-01422,Employee 1422,Operations,HubSpot,Enterprise,10800.0,2,0,2026-04-28,2025-07-11,1
u-01422,Employee 1422,Operations,Jira,Premium,2400.0,111,18,2026-05-20,2025-02-15,0
u-01423,Employee 1423,Legal,Notion,Standard,900.0,2,1,2026-04-06,2025-06-10,0
u-01423,Employee 1423,Legal,Figma,Standard,1300.0,38,10,2026-05-21,2023-12-21,0
u-01423,Employee 1423,Legal,Zoom,Enterprise,2880.0,119,14,2026-05-21,2024-06-21,0
u-01424,Employee 1424,Legal,Slack,Premium,1120.0,59,15,2026-05-22,2025-10-25,0
u-01424,Employee 1424,Legal,HubSpot,Premium,7200.0,40,28,2026-05-19,2025-02-21,0
u-01424,Employee 1424,Legal,Notion,Premium,1440.0,2,1,2026-04-27,2025-02-28,0
u-01425,Employee 1425,Engineering,GitHub,Standard,1800.0,36,13,2026-05-19,2024-11-05,0
u-01425,Employee 1425,Engineering,Figma,Standard,1300.0,0,1,,2026-02-17,0
u-01426,Employee 1426,Marketing,Jira,Premium,2400.0,1,0,2026-05-09,2025-08-20,1
u-01427,Employee 1427,HR,Slack,Standard,700.0,63,10,2026-05-20,2025-09-27,0
u-01427,Employee 1427,HR,Notion,Standard,900.0,41,10,2026-05-19,2025-05-02,0
u-01428,Employee 1428,Engineering,Salesforce,Standard,12000.0,17,10,2026-05-19,2024-01-22,0
u-01429,Employee 1429,Sales,Figma,Standard,1300.0,0,0,,2025-05-09,1
u-01429,Employee 1429,Sales,HubSpot,Standard,4500.0,117,23,2026-05-19,2025-03-31,0
u-01430,Employee 1430,Finance,Salesforce,Premium,19200.0,117,11,2026-05-19,2025-09-23,0
u-01430,Employee 1430,Finance,GitHub,Premium,2880.0,2,1,2026-05-04,2025-08-24,1
u-01431,Employee 1431,HR,HubSpot,Standard,4500.0,7,2,2026-05-14,2024-11-17,1
u-01431,Employee 1431,HR,Notion,Enterprise,2160.0,47,22,2026-05-22,2024-09-17,0
u-01432,Employee 1432,Marketing,Notion,Premium,1440.0,111,23,2026-05-21,2024-06-27,0
u-01432,Employee 1432,Marketing,Jira,Standard,1500.0,30,18,2026-05-21,2025-05-19,0
u-01432,Employee 1432,Marketing,Slack,Standard,700.0,18,20,2026-05-19,2026-02-16,0
u-01433,Employee 1433,HR,Zoom,Standard,1200.0,28,11,2026-05-21,2024-03-12,0
u-01433,Employee 1433,HR,Jira,Premium,2400.0,83,22,2026-05-19,2025-05-15,0
u-01433,Employee 1433,HR,GitHub,Standard,1800.0,36,26,2026-05-20,2025-06-22,0
u-01434,Employee 1434,Engineering,Figma,Enterprise,3120.0,25,23,2026-05-20,2025-09-22,0
u-01434,Employee 1434,Engineering,Zoom,Standard,1200.0,3,0,2026-04-30,2026-03-03,0
u-01434,Employee 1434,Engineering,GitHub,Standard,1800.0,40,13,2026-05-22,2025-07-05,0
u-01434,Employee 1434,Engineering,Salesforce,Standard,12000.0,2,1,2026-05-12,2026-04-21,1
u-01435,Employee 1435,Finance,Zoom,Standard,1200.0,88,11,2026-05-22,2024-09-05,0
u-01436,Employee 1436,Marketing,HubSpot,Premium,7200.0,110,12,2026-05-22,2026-01-11,0
u-01436,Employee 1436,Marketing,Slack,Standard,700.0,66,18,2026-05-22,2025-09-19,0
u-01437,Employee 1437,Marketing,Zoom,Premium,1920.0,49,15,2026-05-20,2024-11-21,0
u-01437,Employee 1437,Marketing,Notion,Premium,1440.0,54,29,2026-05-19,2026-02-05,0
u-01438,Employee 1438,Legal,Notion,Standard,900.0,31,14,2026-05-19,2024-01-28,0
u-01438,Employee 1438,Legal,Salesforce,Premium,19200.0,73,24,2026-05-22,2026-02-16,0
u-01438,Employee 1438,Legal,Slack,Premium,1120.0,65,29,2026-05-21,2026-02-26,0
u-01438,Employee 1438,Legal,Jira,Premium,2400.0,54,12,2026-05-19,2025-10-22,0
u-01439,Employee 1439,Finance,Slack,Standard,700.0,62,12,2026-05-20,2026-04-07,0
u-01440,Employee 1440,HR,Notion,Standard,900.0,111,28,2026-05-19,2024-11-16,0
u-01440,Employee 1440,HR,Slack,Premium,1120.0,50,22,2026-05-19,2026-03-13,0
u-01440,Employee 1440,HR,Salesforce,Premium,19200.0,41,19,2026-05-19,2025-02-18,0
u-01441,Employee 1441,Finance,Notion,Standard,900.0,2,1,2026-04-07,2025-06-23,0
u-01441,Employee 1441,Finance,Jira,Standard,1500.0,0,0,,2024-08-28,1
u-01441,Employee 1441,Finance,Figma,Premium,2080.0,0,0,,2025-06-03,1
u-01442,Employee 1442,Legal,Salesforce,Enterprise,28800.0,52,18,2026-05-22,2025-05-06,0
u-01443,Employee 1443,Sales,Notion,Premium,1440.0,96,18,2026-05-19,2024-07-08,0
u-01443,Employee 1443,Sales,Salesforce,Premium,19200.0,20,17,2026-05-22,2025-11-29,0
u-01444,Employee 1444,HR,GitHub,Enterprise,4320.0,71,24,2026-05-20,2024-10-10,0
u-01444,Employee 1444,HR,HubSpot,Standard,4500.0,1,0,2026-05-02,2025-05-14,1
u-01444,Employee 1444,HR,Figma,Premium,2080.0,1,0,2026-04-24,2023-12-05,1
u-01445,Employee 1445,Marketing,Figma,Premium,2080.0,0,0,,2024-01-05,1
u-01446,Employee 1446,Design,Notion,Standard,900.0,44,12,2026-05-22,2025-04-13,0
u-01447,Employee 1447,Engineering,GitHub,Premium,2880.0,69,13,2026-05-20,2025-05-22,0
u-01447,Employee 1447,Engineering,Jira,Premium,2400.0,76,24,2026-05-20,2024-05-31,0
u-01448,Employee 1448,Finance,Figma,Standard,1300.0,105,20,2026-05-20,2025-07-23,0
u-01449,Employee 1449,Operations,Notion,Standard,900.0,24,28,2026-05-21,2025-08-14,0
u-01450,Employee 1450,Legal,HubSpot,Standard,4500.0,66,13,2026-05-21,2025-07-15,0
u-01451,Employee 1451,Sales,Zoom,Standard,1200.0,48,22,2026-05-21,2025-01-17,0
u-01451,Employee 1451,Sales,Jira,Premium,2400.0,2,1,2026-05-08,2024-05-14,1
u-01451,Employee 1451,Sales,Slack,Standard,700.0,0,0,,2025-08-22,1
u-01452,Employee 1452,Finance,Slack,Premium,1120.0,85,24,2026-05-22,2024-03-10,0
u-01453,Employee 1453,HR,Jira,Standard,1500.0,0,0,,2025-04-02,1
u-01454,Employee 1454,Marketing,Zoom,Premium,1920.0,0,0,,2026-01-04,1
u-01454,Employee 1454,Marketing,Slack,Premium,1120.0,106,12,2026-05-21,2024-02-26,0
u-01455,Employee 1455,Operations,Slack,Standard,700.0,88,29,2026-05-21,2025-11-15,0
u-01455,Employee 1455,Operations,Notion,Premium,1440.0,2,0,2026-05-09,2026-02-21,1
u-01456,Employee 1456,Finance,Figma,Enterprise,3120.0,41,25,2026-05-21,2025-09-20,0
u-01456,Employee 1456,Finance,HubSpot,Standard,4500.0,0,0,,2024-09-19,1
u-01456,Employee 1456,Finance,Zoom,Premium,1920.0,15,13,2026-05-21,2024-04-10,0
u-01456,Employee 1456,Finance,Salesforce,Standard,12000.0,111,28,2026-05-21,2025-09-16,0
u-01457,Employee 1457,Legal,HubSpot,Standard,4500.0,22,23,2026-05-22,2025-11-13,0
u-01457,Employee 1457,Legal,Jira,Enterprise,3600.0,48,23,2026-05-20,2025-01-07,0
u-01458,Employee 1458,Finance,Zoom,Standard,1200.0,38,17,2026-05-19,2024-01-24,0
u-01458,Employee 1458,Finance,Notion,Standard,900.0,113,27,2026-05-19,2025-09-23,0
u-01458,Employee 1458,Finance,Jira,Premium,2400.0,92,24,2026-05-19,2025-01-02,0
u-01458,Employee 1458,Finance,Salesforce,Premium,19200.0,72,11,2026-05-22,2025-08-02,0
u-01459,Employee 1459,Finance,Salesforce,Premium,19200.0,50,27,2026-05-19,2025-11-21,0
u-01459,Employee 1459,Finance,Slack,Premium,1120.0,17,26,2026-05-22,2025-04-26,0
u-01460,Employee 1460,Marketing,Zoom,Standard,1200.0,19,26,2026-05-20,2025-01-22,0
u-01460,Employee 1460,Marketing,Notion,Standard,900.0,26,28,2026-05-19,2025-01-17,0
u-01460,Employee 1460,Marketing,GitHub,Standard,1800.0,91,19,2026-05-20,2025-05-26,0
u-01461,Employee 1461,Sales,Zoom,Standard,1200.0,51,20,2026-05-20,2024-05-05,0
u-01461,Employee 1461,Sales,Salesforce,Standard,12000.0,46,28,2026-05-19,2024-02-25,0
u-01461,Employee 1461,Sales,Slack,Premium,1120.0,34,27,2026-05-19,2024-12-09,0
u-01462,Employee 1462,HR,Zoom,Enterprise,2880.0,24,24,2026-05-20,2024-09-25,0
u-01463,Employee 1463,Design,Salesforce,Premium,19200.0,116,22,2026-05-21,2026-03-30,0
u-01464,Employee 1464,HR,Slack,Enterprise,1680.0,66,15,2026-05-20,2024-04-07,0
u-01464,Employee 1464,HR,HubSpot,Standard,4500.0,77,26,2026-05-22,2025-08-08,0
u-01465,Employee 1465,Legal,HubSpot,Premium,7200.0,36,26,2026-05-20,2025-11-29,0
u-01465,Employee 1465,Legal,Figma,Standard,1300.0,49,18,2026-05-19,2025-06-30,0
u-01466,Employee 1466,Legal,Zoom,Standard,1200.0,42,27,2026-05-20,2025-08-02,0
u-01466,Employee 1466,Legal,Slack,Standard,700.0,65,10,2026-05-19,2024-07-30,0
u-01467,Employee 1467,Design,Zoom,Standard,1200.0,57,14,2026-05-20,2026-01-21,0
u-01467,Employee 1467,Design,Figma,Standard,1300.0,21,22,2026-05-19,2023-12-17,0
u-01468,Employee 1468,Marketing,GitHub,Premium,2880.0,1,0,2026-04-24,2024-11-08,1
u-01468,Employee 1468,Marketing,Slack,Standard,700.0,65,16,2026-05-19,2025-04-10,0
u-01468,Employee 1468,Marketing,Notion,Premium,1440.0,77,12,2026-05-19,2024-03-22,0
u-01468,Employee 1468,Marketing,Zoom,Standard,1200.0,89,17,2026-05-20,2024-08-10,0
u-01469,Employee 1469,Legal,Slack,Enterprise,1680.0,2,0,2026-05-04,2024-12-15,1
u-01469,Employee 1469,Legal,HubSpot,Premium,7200.0,18,10,2026-05-20,2025-12-14,0
u-01469,Employee 1469,Legal,Jira,Standard,1500.0,5,4,2026-05-14,2024-09-25,1
u-01470,Employee 1470,Design,Zoom,Standard,1200.0,3,1,2026-04-25,2024-07-14,0
u-01471,Employee 1471,Engineering,Salesforce,Standard,12000.0,1,1,2026-04-28,2025-04-30,1
u-01471,Employee 1471,Engineering,Slack,Enterprise,1680.0,80,24,2026-05-21,2024-08-15,0
u-01472,Employee 1472,Design,Zoom,Standard,1200.0,0,0,,2024-10-04,1
u-01472,Employee 1472,Design,GitHub,Standard,1800.0,72,20,2026-05-19,2024-04-25,0
u-01473,Employee 1473,Engineering,Zoom,Enterprise,2880.0,45,25,2026-05-20,2025-05-10,0
u-01473,Employee 1473,Engineering,Jira,Standard,1500.0,42,16,2026-05-20,2025-09-16,0
u-01474,Employee 1474,Sales,Slack,Premium,1120.0,1,1,2026-04-23,2024-03-01,1
u-01474,Employee 1474,Sales,Salesforce,Enterprise,28800.0,98,12,2026-05-19,2025-05-25,0
u-01475,Employee 1475,Legal,Zoom,Enterprise,2880.0,52,13,2026-05-19,2024-01-17,0
u-01476,Employee 1476,Sales,Figma,Standard,1300.0,1,0,2026-05-07,2024-03-30,1
u-01476,Employee 1476,Sales,GitHub,Standard,1800.0,46,12,2026-05-21,2025-05-19,0
u-01477,Employee 1477,Design,Notion,Enterprise,2160.0,2,0,2026-04-26,2026-02-02,1
u-01478,Employee 1478,Sales,Figma,Standard,1300.0,52,23,2026-05-22,2025-08-26,0
u-01478,Employee 1478,Sales,Slack,Premium,1120.0,26,22,2026-05-20,2024-08-24,0
u-01478,Employee 1478,Sales,Jira,Premium,2400.0,41,27,2026-05-20,2025-06-10,0
u-01479,Employee 1479,Design,Notion,Standard,900.0,55,22,2026-05-22,2024-01-06,0
u-01479,Employee 1479,Design,GitHub,Premium,2880.0,32,22,2026-05-20,2026-01-18,0
u-01479,Employee 1479,Design,HubSpot,Standard,4500.0,0,0,,2025-03-20,1
u-01480,Employee 1480,Engineering,Figma,Premium,2080.0,112,23,2026-05-20,2024-04-23,0
u-01481,Employee 1481,Marketing,GitHub,Standard,1800.0,1,1,2026-04-24,2025-09-26,1
u-01481,Employee 1481,Marketing,Jira,Standard,1500.0,95,28,2026-05-22,2025-04-09,0
u-01482,Employee 1482,Finance,Slack,Enterprise,1680.0,81,14,2026-05-21,2025-09-19,0
u-01482,Employee 1482,Finance,Zoom,Premium,1920.0,63,14,2026-05-19,2025-04-11,0
u-01483,Employee 1483,Design,GitHub,Premium,2880.0,56,28,2026-05-22,2026-01-09,0
u-01483,Employee 1483,Design,Slack,Enterprise,1680.0,67,20,2026-05-20,2024-11-22,0
u-01483,Employee 1483,Design,Salesforce,Standard,12000.0,2,0,2026-04-28,2025-07-03,1
u-01484,Employee 1484,Sales,Slack,Enterprise,1680.0,1,1,2026-05-06,2024-10-20,1
u-01484,Employee 1484,Sales,GitHub,Standard,1800.0,79,26,2026-05-20,2025-01-16,0
u-01484,Employee 1484,Sales,Salesforce,Standard,12000.0,112,20,2026-05-19,2023-12-20,0
u-01484,Employee 1484,Sales,Jira,Premium,2400.0,2,0,2026-04-23,2026-04-20,1
u-01485,Employee 1485,Finance,Notion,Standard,900.0,52,10,2026-05-21,2024-10-24,0
u-01485,Employee 1485,Finance,Jira,Standard,1500.0,24,16,2026-05-21,2024-08-26,0
u-01486,Employee 1486,Operations,Slack,Enterprise,1680.0,72,23,2026-05-22,2024-11-19,0
u-01486,Employee 1486,Operations,HubSpot,Standard,4500.0,0,0,,2025-05-10,1
u-01487,Employee 1487,Design,GitHub,Standard,1800.0,17,24,2026-05-21,2024-11-09,0
u-01487,Employee 1487,Design,Zoom,Standard,1200.0,29,11,2026-05-21,2024-05-10,0
u-01488,Employee 1488,Design,Notion,Standard,900.0,113,10,2026-05-19,2025-02-28,0
u-01488,Employee 1488,Design,GitHub,Premium,2880.0,115,19,2026-05-19,2025-11-03,0
u-01489,Employee 1489,HR,Figma,Enterprise,3120.0,5,2,2026-05-13,2024-01-20,1
u-01489,Employee 1489,HR,HubSpot,Standard,4500.0,62,16,2026-05-20,2023-12-13,0
u-01489,Employee 1489,HR,Slack,Standard,700.0,77,20,2026-05-19,2024-03-04,0
u-01490,Employee 1490,Design,HubSpot,Premium,7200.0,0,0,,2024-05-01,1
u-01490,Employee 1490,Design,Slack,Standard,700.0,0,0,,2024-10-03,1
u-01490,Employee 1490,Design,Zoom,Premium,1920.0,58,28,2026-05-22,2024-12-04,0
u-01490,Employee 1490,Design,GitHub,Standard,1800.0,81,19,2026-05-22,2024-05-03,0
u-01491,Employee 1491,Legal,GitHub,Standard,1800.0,69,16,2026-05-20,2026-01-09,0
u-01492,Employee 1492,HR,Notion,Enterprise,2160.0,15,10,2026-05-22,2024-04-28,0
u-01493,Employee 1493,Design,Zoom,Standard,1200.0,74,13,2026-05-19,2026-04-09,0
u-01493,Employee 1493,Design,Figma,Premium,2080.0,108,18,2026-05-19,2024-09-25,0
u-01493,Employee 1493,Design,Notion,Standard,900.0,5,4,2026-05-16,2025-09-10,1
u-01494,Employee 1494,Engineering,Jira,Standard,1500.0,113,21,2026-05-22,2025-10-07,0
u-01494,Employee 1494,Engineering,HubSpot,Premium,7200.0,6,3,2026-05-11,2024-04-20,1
u-01494,Employee 1494,Engineering,Notion,Premium,1440.0,91,13,2026-05-21,2024-03-21,0
u-01495,Employee 1495,Marketing,Slack,Enterprise,1680.0,71,26,2026-05-19,2025-02-12,0
u-01495,Employee 1495,Marketing,HubSpot,Standard,4500.0,22,14,2026-05-21,2024-01-08,0
u-01496,Employee 1496,Design,Notion,Standard,900.0,67,16,2026-05-19,2024-09-20,0
u-01496,Employee 1496,Design,Figma,Premium,2080.0,2,1,2026-04-30,2025-05-30,1
u-01497,Employee 1497,Sales,Zoom,Standard,1200.0,27,15,2026-05-19,2025-02-18,0
u-01498,Employee 1498,Design,Salesforce,Standard,12000.0,62,17,2026-05-22,2024-05-16,0
u-01498,Employee 1498,Design,Figma,Standard,1300.0,54,28,2026-05-21,2026-01-25,0
u-01499,Employee 1499,Engineering,Zoom,Standard,1200.0,70,12,2026-05-21,2024-10-16,0
u-01499,Employee 1499,Engineering,Jira,Premium,2400.0,75,18,2026-05-20,2025-08-02,0
u-01500,Employee 1500,Design,Slack,Premium,1120.0,105,17,2026-05-19,2024-03-19,0
u-01500,Employee 1500,Design,Salesforce,Premium,19200.0,78,24,2026-05-20,2025-01-11,0
u-01500,Employee 1500,Design,Zoom,Standard,1200.0,42,11,2026-05-19,2026-03-03,0
u-01500,Employee 1500,Design,HubSpot,Standard,4500.0,1,1,2026-05-01,2024-07-20,1
